Year,Quarter,Blocks of countries,Category,Countries,Credit RM million,Debit RM million,Net RM million
2008,1Q,East Asia,of which,"China, People's Republic of",269,286,-17
2008,1Q,East Asia,of which,"Hong Kong, SAR",551,1295,-744
2008,1Q,East Asia,of which,Japan,1952,1291,661
2008,1Q,East Asia,of which,"Korea, Republic of",518,269,250
2008,1Q,East Asia,of which,Taiwan,122,190,-68
2008,1Q,East Asia,Total East Asia,Total Country,3415,3335,80
2008,1Q,Europe,of which,Denmark,104,31,73
2008,1Q,Europe,of which,France,237,285,-48
2008,1Q,Europe,of which,Germany,400,593,-193
2008,1Q,Europe,of which,Luxembourg,-1,23,-24
2008,1Q,Europe,of which,Netherlands,1499,717,782
2008,1Q,Europe,of which,Switzerland,1305,106,1199
2008,1Q,Europe,of which,United Kingdom,650,365,285
2008,1Q,Europe,Total Europe,Total Country,4979,4829,150
2008,1Q,Latin America,of which,Bermuda,693,20,673
2008,1Q,Latin America,of which,Cayman Islands,433,322,111
2008,1Q,Latin America,of which,Virgin Islands (British),120,30,90
2008,1Q,Latin America,Total Latin America,Total Country,2382,2318,64
2008,1Q,North America,of which,United States,4231,1580,2651
2008,1Q,North America,Total North America,Total Country,4282,1604,2678
2008,1Q,Oceania,of which,Australia,323,278,45
2008,1Q,Oceania,Total Oceania,Total Country,354,340,13
2008,1Q,Other Block of Countries,Total Other Block of Countries,Total Country,790,1151,-361
2008,1Q,Southeast Asia,of which,Singapore,3552,2532,1019
2008,1Q,Southeast Asia,of which,Thailand,496,495,1
2008,1Q,Southeast Asia,Total Southeast Asia,Total Country,4297,3254,1043
2008,2Q,East Asia,of which,"China, People's Republic of",170,203,-33
2008,2Q,East Asia,of which,"Hong Kong, SAR",2376,902,1474
2008,2Q,East Asia,of which,Japan,2155,1412,742
2008,2Q,East Asia,of which,"Korea, Republic of",277,68,209
2008,2Q,East Asia,of which,Taiwan,978,84,893
2008,2Q,East Asia,Total East Asia,Total Country,5960,2670,3290
2008,2Q,Europe,of which,Denmark,20,10,10
2008,2Q,Europe,of which,France,427,222,205
2008,2Q,Europe,of which,Germany,882,784,98
2008,2Q,Europe,of which,Luxembourg,-10,64,-74
2008,2Q,Europe,of which,Netherlands,1646,619,1027
2008,2Q,Europe,of which,Switzerland,852,1018,-165
2008,2Q,Europe,of which,United Kingdom,1213,459,754
2008,2Q,Europe,Total Europe,Total Country,6156,3910,2246
2008,2Q,Latin America,of which,Bermuda,560,31,529
2008,2Q,Latin America,of which,Cayman Islands,4001,322,3679
2008,2Q,Latin America,of which,Virgin Islands (British),259,160,99
2008,2Q,Latin America,Total Latin America,Total Country,6158,1533,4625
2008,2Q,North America,of which,United States,6223,1392,4831
2008,2Q,North America,Total North America,Total Country,6253,1431,4822
2008,2Q,Oceania,of which,Australia,255,408,-152
2008,2Q,Oceania,Total Oceania,Total Country,313,462,-149
2008,2Q,Other Block of Countries,Total Other Block of Countries,Total Country,1190,940,249
2008,2Q,Southeast Asia,of which,Singapore,3030,2404,626
2008,2Q,Southeast Asia,of which,Thailand,714,640,75
2008,2Q,Southeast Asia,Total Southeast Asia,Total Country,4068,3386,682
2008,3Q,East Asia,of which,"China, People's Republic of",312,210,103
2008,3Q,East Asia,of which,"Hong Kong, SAR",1177,1312,-135
2008,3Q,East Asia,of which,Japan,1988,1871,116
2008,3Q,East Asia,of which,"Korea, Republic of",223,165,58
2008,3Q,East Asia,of which,Taiwan,423,227,196
2008,3Q,East Asia,Total East Asia,Total Country,4123,3788,336
2008,3Q,Europe,of which,Denmark,67,8,59
2008,3Q,Europe,of which,France,193,131,62
2008,3Q,Europe,of which,Germany,1178,584,594
2008,3Q,Europe,of which,Luxembourg,135,75,61
2008,3Q,Europe,of which,Netherlands,1644,1938,-294
2008,3Q,Europe,of which,Switzerland,364,118,247
2008,3Q,Europe,of which,United Kingdom,175,1042,-866
2008,3Q,Europe,Total Europe,Total Country,3883,4760,-877
2008,3Q,Latin America,of which,Bermuda,-23,202,-225
2008,3Q,Latin America,of which,Cayman Islands,294,210,84
2008,3Q,Latin America,of which,Virgin Islands (British),844,29,815
2008,3Q,Latin America,Total Latin America,Total Country,2840,2254,586
2008,3Q,North America,of which,United States,425,2113,-1688
2008,3Q,North America,Total North America,Total Country,433,2136,-1703
2008,3Q,Oceania,of which,Australia,343,94,249
2008,3Q,Oceania,Total Oceania,Total Country,374,154,220
2008,3Q,Other Block of Countries,Total Other Block of Countries,Total Country,1061,1108,-47
2008,3Q,Southeast Asia,of which,Singapore,3400,2749,650
2008,3Q,Southeast Asia,of which,Thailand,1381,332,1049
2008,3Q,Southeast Asia,Total Southeast Asia,Total Country,5206,3418,1788
2008,4Q,East Asia,of which,"China, People's Republic of",364,215,149
2008,4Q,East Asia,of which,"Hong Kong, SAR",1497,1316,181
2008,4Q,East Asia,of which,Japan,1817,1554,263
2008,4Q,East Asia,of which,"Korea, Republic of",-132,378,-510
2008,4Q,East Asia,of which,Taiwan,131,871,-740
2008,4Q,East Asia,Total East Asia,Total Country,3677,4337,-659
2008,4Q,Europe,of which,Denmark,497,3,494
2008,4Q,Europe,of which,France,145,202,-58
2008,4Q,Europe,of which,Germany,1565,776,789
2008,4Q,Europe,of which,Luxembourg,127,142,-15
2008,4Q,Europe,of which,Netherlands,2337,1353,983
2008,4Q,Europe,of which,Switzerland,425,173,253
2008,4Q,Europe,of which,United Kingdom,1072,623,449
2008,4Q,Europe,Total Europe,Total Country,7298,4022,3277
2008,4Q,Latin America,of which,Bermuda,529,27,502
2008,4Q,Latin America,of which,Cayman Islands,222,323,-101
2008,4Q,Latin America,of which,Virgin Islands (British),327,57,270
2008,4Q,Latin America,Total Latin America,Total Country,1703,1488,215
2008,4Q,North America,of which,United States,591,2383,-1792
2008,4Q,North America,Total North America,Total Country,615,2398,-1783
2008,4Q,Oceania,of which,Australia,334,134,200
2008,4Q,Oceania,Total Oceania,Total Country,395,186,209
2008,4Q,Other Block of Countries,Total Other Block of Countries,Total Country,1458,570,888
2008,4Q,Southeast Asia,of which,Singapore,4187,2192,1995
2008,4Q,Southeast Asia,of which,Thailand,949,1122,-173
2008,4Q,Southeast Asia,Total Southeast Asia,Total Country,5604,3560,2044
2009,1Q,East Asia,of which,"China, People's Republic of",154,437,-283
2009,1Q,East Asia,of which,"Hong Kong, SAR",-117,1202,-1319
2009,1Q,East Asia,of which,Japan,1931,1849,82
2009,1Q,East Asia,of which,"Korea, Republic of",201,102,99
2009,1Q,East Asia,of which,Taiwan,412,134,278
2009,1Q,East Asia,Total East Asia,Total Country,2581,3727,-1146
2009,1Q,Europe,of which,Denmark,29,19,10
2009,1Q,Europe,of which,France,227,144,83
2009,1Q,Europe,of which,Germany,916,759,157
2009,1Q,Europe,of which,Luxembourg,217,132,85
2009,1Q,Europe,of which,Netherlands,2058,1354,704
2009,1Q,Europe,of which,Switzerland,346,188,158
2009,1Q,Europe,of which,United Kingdom,883,224,659
2009,1Q,Europe,Total Europe,Total Country,5348,3421,1928
2009,1Q,Latin America,of which,Bermuda,356,24,332
2009,1Q,Latin America,of which,Cayman Islands,125,45,80
2009,1Q,Latin America,of which,Virgin Islands (British),289,34,255
2009,1Q,Latin America,Total Latin America,Total Country,2089,473,1616
2009,1Q,North America,of which,United States,2553,2133,420
2009,1Q,North America,Total North America,Total Country,2678,2140,539
2009,1Q,Oceania,of which,Australia,90,202,-112
2009,1Q,Oceania,Total Oceania,Total Country,159,331,-172
2009,1Q,Other Block of Countries,Total Other Block of Countries,Total Country,1718,622,1096
2009,1Q,Southeast Asia,of which,Singapore,1903,2246,-342
2009,1Q,Southeast Asia,of which,Thailand,559,1093,-535
2009,1Q,Southeast Asia,Total Southeast Asia,Total Country,2628,3834,-1206
2009,2Q,East Asia,of which,"China, People's Republic of",321,180,141
2009,2Q,East Asia,of which,"Hong Kong, SAR",916,1206,-290
2009,2Q,East Asia,of which,Japan,1286,1828,-542
2009,2Q,East Asia,of which,"Korea, Republic of",315,76,239
2009,2Q,East Asia,of which,Taiwan,-24,150,-174
2009,2Q,East Asia,Total East Asia,Total Country,2815,3438,-623
2009,2Q,Europe,of which,Denmark,63,74,-11
2009,2Q,Europe,of which,France,255,211,44
2009,2Q,Europe,of which,Germany,861,762,99
2009,2Q,Europe,of which,Luxembourg,328,158,170
2009,2Q,Europe,of which,Netherlands,405,1159,-754
2009,2Q,Europe,of which,Switzerland,-4059,203,-4262
2009,2Q,Europe,of which,United Kingdom,692,384,308
2009,2Q,Europe,Total Europe,Total Country,3830,3722,108
2009,2Q,Latin America,of which,Bermuda,407,11,396
2009,2Q,Latin America,of which,Cayman Islands,236,162,74
2009,2Q,Latin America,of which,Virgin Islands (British),268,28,239
2009,2Q,Latin America,Total Latin America,Total Country,2814,464,2351
2009,2Q,North America,of which,United States,1874,2683,-809
2009,2Q,North America,Total North America,Total Country,1911,2689,-778
2009,2Q,Oceania,of which,Australia,106,216,-110
2009,2Q,Oceania,Total Oceania,Total Country,117,234,-117
2009,2Q,Other Block of Countries,Total Other Block of Countries,Total Country,962,734,229
2009,2Q,Southeast Asia,of which,Singapore,2757,3215,-458
2009,2Q,Southeast Asia,of which,Thailand,513,507,6
2009,2Q,Southeast Asia,Total Southeast Asia,Total Country,3590,4053,-464
2009,3Q,East Asia,of which,"China, People's Republic of",224,293,-69
2009,3Q,East Asia,of which,"Hong Kong, SAR",3096,1305,1791
2009,3Q,East Asia,of which,Japan,2546,1636,910
2009,3Q,East Asia,of which,"Korea, Republic of",417,162,256
2009,3Q,East Asia,of which,Taiwan,110,87,22
2009,3Q,East Asia,Total East Asia,Total Country,6397,3483,2914
2009,3Q,Europe,of which,Denmark,60,76,-16
2009,3Q,Europe,of which,France,318,269,48
2009,3Q,Europe,of which,Germany,201,1020,-819
2009,3Q,Europe,of which,Luxembourg,18,237,-220
2009,3Q,Europe,of which,Netherlands,1977,868,1109
2009,3Q,Europe,of which,Switzerland,321,112,209
2009,3Q,Europe,of which,United Kingdom,916,242,674
2009,3Q,Europe,Total Europe,Total Country,4402,3442,960
2009,3Q,Latin America,of which,Bermuda,650,55,595
2009,3Q,Latin America,of which,Cayman Islands,-376,133,-509
2009,3Q,Latin America,of which,Virgin Islands (British),167,13,154
2009,3Q,Latin America,Total Latin America,Total Country,1486,1220,266
2009,3Q,North America,of which,United States,888,1365,-477
2009,3Q,North America,Total North America,Total Country,912,1411,-499
2009,3Q,Oceania,of which,Australia,243,118,125
2009,3Q,Oceania,Total Oceania,Total Country,262,130,132
2009,3Q,Other Block of Countries,Total Other Block of Countries,Total Country,1022,1054,-32
2009,3Q,Southeast Asia,of which,Singapore,3469,2819,650
2009,3Q,Southeast Asia,of which,Thailand,483,1003,-521
2009,3Q,Southeast Asia,Total Southeast Asia,Total Country,4415,4413,2
2009,4Q,East Asia,of which,"China, People's Republic of",94,308,-214
2009,4Q,East Asia,of which,"Hong Kong, SAR",3177,1756,1421
2009,4Q,East Asia,of which,Japan,1792,1678,114
2009,4Q,East Asia,of which,"Korea, Republic of",199,397,-198
2009,4Q,East Asia,of which,Taiwan,-56,136,-192
2009,4Q,East Asia,Total East Asia,Total Country,5208,4277,931
2009,4Q,Europe,of which,Denmark,483,7,476
2009,4Q,Europe,of which,France,106,238,-132
2009,4Q,Europe,of which,Germany,1049,829,219
2009,4Q,Europe,of which,Luxembourg,557,197,360
2009,4Q,Europe,of which,Netherlands,1961,1301,660
2009,4Q,Europe,of which,Switzerland,129,174,-45
2009,4Q,Europe,of which,United Kingdom,196,542,-346
2009,4Q,Europe,Total Europe,Total Country,5822,4294,1528
2009,4Q,Latin America,of which,Bermuda,-141,40,-180
2009,4Q,Latin America,of which,Cayman Islands,157,212,-55
2009,4Q,Latin America,of which,Virgin Islands (British),937,84,853
2009,4Q,Latin America,Total Latin America,Total Country,1739,1939,-200
2009,4Q,North America,of which,United States,-1483,5351,-6834
2009,4Q,North America,Total North America,Total Country,-1433,5373,-6806
2009,4Q,Oceania,of which,Australia,868,167,701
2009,4Q,Oceania,Total Oceania,Total Country,885,215,671
2009,4Q,Other Block of Countries,Total Other Block of Countries,Total Country,1180,640,540
2009,4Q,Southeast Asia,of which,Singapore,4150,3557,593
2009,4Q,Southeast Asia,of which,Thailand,1114,370,744
2009,4Q,Southeast Asia,Total Southeast Asia,Total Country,5716,4362,1354
2010,1Q,East Asia,of which,"China, People's Republic of",493,152,341
2010,1Q,East Asia,of which,"Hong Kong, SAR",858,1134,-275
2010,1Q,East Asia,of which,Japan,1791,1841,-50
2010,1Q,East Asia,of which,"Korea, Republic of",269,52,217
2010,1Q,East Asia,of which,Taiwan,217,62,155
2010,1Q,East Asia,Total East Asia,Total Country,3628,3241,387
2010,1Q,Europe,of which,Denmark,76,28,48
2010,1Q,Europe,of which,France,240,176,64
2010,1Q,Europe,of which,Germany,650,933,-283
2010,1Q,Europe,of which,Luxembourg,104,26,78
2010,1Q,Europe,of which,Netherlands,3750,1413,2337
2010,1Q,Europe,of which,Switzerland,337,184,153
2010,1Q,Europe,of which,United Kingdom,336,441,-105
2010,1Q,Europe,Total Europe,Total Country,7860,3716,4144
2010,1Q,Latin America,of which,Bermuda,545,9,536
2010,1Q,Latin America,of which,Cayman Islands,-29,205,-234
2010,1Q,Latin America,of which,Virgin Islands (British),242,146,96
2010,1Q,Latin America,Total Latin America,Total Country,1369,2301,-932
2010,1Q,North America,of which,United States,4613,2829,1783
2010,1Q,North America,Total North America,Total Country,4634,2870,1764
2010,1Q,Oceania,of which,Australia,86,158,-71
2010,1Q,Oceania,Total Oceania,Total Country,113,173,-61
2010,1Q,Other Block of Countries,Total Other Block of Countries,Total Country,813,653,159
2010,1Q,Southeast Asia,of which,Singapore,2880,3328,-448
2010,1Q,Southeast Asia,of which,Thailand,835,236,600
2010,1Q,Southeast Asia,Total Southeast Asia,Total Country,4139,3938,201
2010,2Q,East Asia,of which,"China, People's Republic of",156,343,-188
2010,2Q,East Asia,of which,"Hong Kong, SAR",374,647,-273
2010,2Q,East Asia,of which,Japan,2307,1241,1066
2010,2Q,East Asia,of which,"Korea, Republic of",257,120,136
2010,2Q,East Asia,of which,Taiwan,155,181,-27
2010,2Q,East Asia,Total East Asia,Total Country,3249,2538,710
2010,2Q,Europe,of which,Denmark,-136,43,-179
2010,2Q,Europe,of which,France,303,277,26
2010,2Q,Europe,of which,Germany,780,1256,-476
2010,2Q,Europe,of which,Luxembourg,248,304,-56
2010,2Q,Europe,of which,Netherlands,2270,1401,869
2010,2Q,Europe,of which,Switzerland,175,165,9
2010,2Q,Europe,of which,United Kingdom,425,362,63
2010,2Q,Europe,Total Europe,Total Country,5297,4672,625
2010,2Q,Latin America,of which,Bermuda,-385,33,-418
2010,2Q,Latin America,of which,Cayman Islands,616,53,563
2010,2Q,Latin America,of which,Virgin Islands (British),863,50,813
2010,2Q,Latin America,Total Latin America,Total Country,2359,720,1638
2010,2Q,North America,of which,United States,4514,2338,2176
2010,2Q,North America,Total North America,Total Country,4589,2413,2175
2010,2Q,Oceania,of which,Australia,159,223,-64
2010,2Q,Oceania,Total Oceania,Total Country,172,240,-68
2010,2Q,Other Block of Countries,Total Other Block of Countries,Total Country,1245,288,957
2010,2Q,Southeast Asia,of which,Singapore,2606,2271,335
2010,2Q,Southeast Asia,of which,Thailand,775,837,-62
2010,2Q,Southeast Asia,Total Southeast Asia,Total Country,3816,3360,456
2010,3Q,East Asia,of which,"China, People's Republic of",203,200,3
2010,3Q,East Asia,of which,"Hong Kong, SAR",1259,1318,-59
2010,3Q,East Asia,of which,Japan,2265,1942,323
2010,3Q,East Asia,of which,"Korea, Republic of",576,252,324
2010,3Q,East Asia,of which,Taiwan,51,265,-214
2010,3Q,East Asia,Total East Asia,Total Country,4357,3978,379
2010,3Q,Europe,of which,Denmark,79,18,62
2010,3Q,Europe,of which,France,122,123,-1
2010,3Q,Europe,of which,Germany,1002,1263,-262
2010,3Q,Europe,of which,Luxembourg,272,176,96
2010,3Q,Europe,of which,Netherlands,2300,1966,334
2010,3Q,Europe,of which,Switzerland,431,145,286
2010,3Q,Europe,of which,United Kingdom,347,2092,-1744
2010,3Q,Europe,Total Europe,Total Country,5432,6242,-810
2010,3Q,Latin America,of which,Bermuda,167,25,142
2010,3Q,Latin America,of which,Cayman Islands,733,150,582
2010,3Q,Latin America,of which,Virgin Islands (British),442,49,394
2010,3Q,Latin America,Total Latin America,Total Country,2397,629,1769
2010,3Q,North America,of which,United States,4002,1182,2819
2010,3Q,North America,Total North America,Total Country,4106,1186,2920
2010,3Q,Oceania,of which,Australia,620,213,407
2010,3Q,Oceania,Total Oceania,Total Country,636,258,378
2010,3Q,Other Block of Countries,Total Other Block of Countries,Total Country,1549,460,1089
2010,3Q,Southeast Asia,of which,Singapore,3722,3164,558
2010,3Q,Southeast Asia,of which,Thailand,445,666,-221
2010,3Q,Southeast Asia,Total Southeast Asia,Total Country,4697,3998,698
2010,4Q,East Asia,of which,"China, People's Republic of",68,320,-252
2010,4Q,East Asia,of which,"Hong Kong, SAR",1327,1438,-111
2010,4Q,East Asia,of which,Japan,3433,1849,1584
2010,4Q,East Asia,of which,"Korea, Republic of",4046,180,3866
2010,4Q,East Asia,of which,Taiwan,1,325,-325
2010,4Q,East Asia,Total East Asia,Total Country,8879,4229,4650
2010,4Q,Europe,of which,Denmark,-6,29,-35
2010,4Q,Europe,of which,France,784,159,626
2010,4Q,Europe,of which,Germany,1273,747,526
2010,4Q,Europe,of which,Luxembourg,125,112,13
2010,4Q,Europe,of which,Netherlands,3590,994,2595
2010,4Q,Europe,of which,Switzerland,239,193,46
2010,4Q,Europe,of which,United Kingdom,928,926,1
2010,4Q,Europe,Total Europe,Total Country,7531,3633,3898
2010,4Q,Latin America,of which,Bermuda,192,114,78
2010,4Q,Latin America,of which,Cayman Islands,390,49,342
2010,4Q,Latin America,of which,Virgin Islands (British),228,180,48
2010,4Q,Latin America,Total Latin America,Total Country,1843,1813,30
2010,4Q,North America,of which,United States,2714,1669,1045
2010,4Q,North America,Total North America,Total Country,2738,1782,956
2010,4Q,Oceania,of which,Australia,574,592,-18
2010,4Q,Oceania,Total Oceania,Total Country,600,602,-3
2010,4Q,Other Block of Countries,Total Other Block of Countries,Total Country,1178,594,584
2010,4Q,Southeast Asia,of which,Singapore,2627,1390,1237
2010,4Q,Southeast Asia,of which,Thailand,466,1295,-829
2010,4Q,Southeast Asia,Total Southeast Asia,Total Country,3436,2947,489
2011,1Q,East Asia,of which,"China, People's Republic of",354,175,179
2011,1Q,East Asia,of which,"Hong Kong, SAR",1752,1879,-127
2011,1Q,East Asia,of which,Japan,4014,1862,2152
2011,1Q,East Asia,of which,"Korea, Republic of",382,50,332
2011,1Q,East Asia,of which,Taiwan,427,82,344
2011,1Q,East Asia,Total East Asia,Total Country,6934,4052,2882
2011,1Q,Europe,of which,Denmark,57,11,46
2011,1Q,Europe,of which,France,101,114,-13
2011,1Q,Europe,of which,Germany,2231,682,1550
2011,1Q,Europe,of which,Luxembourg,192,410,-218
2011,1Q,Europe,of which,Netherlands,2455,1462,993
2011,1Q,Europe,of which,Switzerland,357,213,144
2011,1Q,Europe,of which,United Kingdom,369,418,-48
2011,1Q,Europe,Total Europe,Total Country,6440,3776,2664
2011,1Q,Latin America,of which,Bermuda,676,19,657
2011,1Q,Latin America,of which,Cayman Islands,124,957,-833
2011,1Q,Latin America,of which,Virgin Islands (British),102,33,69
2011,1Q,Latin America,Total Latin America,Total Country,2139,1064,1075
2011,1Q,North America,of which,United States,3040,1560,1479
2011,1Q,North America,Total North America,Total Country,3203,1589,1614
2011,1Q,Oceania,of which,Australia,229,263,-33
2011,1Q,Oceania,Total Oceania,Total Country,276,292,-16
2011,1Q,Other Block of Countries,Total Other Block of Countries,Total Country,836,504,332
2011,1Q,Southeast Asia,of which,Singapore,5620,2787,2834
2011,1Q,Southeast Asia,of which,Thailand,455,534,-79
2011,1Q,Southeast Asia,Total Southeast Asia,Total Country,6461,3584,2877
2011,2Q,East Asia,of which,"China, People's Republic of",44,233,-189
2011,2Q,East Asia,of which,"Hong Kong, SAR",1252,1378,-126
2011,2Q,East Asia,of which,Japan,6507,1649,4858
2011,2Q,East Asia,of which,"Korea, Republic of",419,97,321
2011,2Q,East Asia,of which,Taiwan,136,192,-56
2011,2Q,East Asia,Total East Asia,Total Country,8374,3550,4824
2011,2Q,Europe,of which,Denmark,-32,43,-75
2011,2Q,Europe,of which,France,642,315,327
2011,2Q,Europe,of which,Germany,1041,861,179
2011,2Q,Europe,of which,Luxembourg,121,154,-34
2011,2Q,Europe,of which,Netherlands,1767,1337,431
2011,2Q,Europe,of which,Switzerland,250,161,89
2011,2Q,Europe,of which,United Kingdom,1054,636,418
2011,2Q,Europe,Total Europe,Total Country,4528,3937,591
2011,2Q,Latin America,of which,Bermuda,411,29,383
2011,2Q,Latin America,of which,Cayman Islands,271,141,130
2011,2Q,Latin America,of which,Virgin Islands (British),674,29,644
2011,2Q,Latin America,Total Latin America,Total Country,2165,305,1861
2011,2Q,North America,of which,United States,2926,1363,1563
2011,2Q,North America,Total North America,Total Country,2972,1372,1600
2011,2Q,Oceania,of which,Australia,234,429,-195
2011,2Q,Oceania,Total Oceania,Total Country,262,459,-197
2011,2Q,Other Block of Countries,Total Other Block of Countries,Total Country,1339,636,703
2011,2Q,Southeast Asia,of which,Singapore,3317,3040,278
2011,2Q,Southeast Asia,of which,Thailand,295,313,-18
2011,2Q,Southeast Asia,Total Southeast Asia,Total Country,4028,3594,434
2011,3Q,East Asia,of which,"China, People's Republic of",247,272,-25
2011,3Q,East Asia,of which,"Hong Kong, SAR",1657,2465,-808
2011,3Q,East Asia,of which,Japan,2986,1495,1491
2011,3Q,East Asia,of which,"Korea, Republic of",205,204,1
2011,3Q,East Asia,of which,Taiwan,147,110,37
2011,3Q,East Asia,Total East Asia,Total Country,5242,4550,692
2011,3Q,Europe,of which,Denmark,29,22,7
2011,3Q,Europe,of which,France,160,380,-221
2011,3Q,Europe,of which,Germany,1295,668,627
2011,3Q,Europe,of which,Luxembourg,-133,233,-366
2011,3Q,Europe,of which,Netherlands,2057,1536,521
2011,3Q,Europe,of which,Switzerland,192,230,-38
2011,3Q,Europe,of which,United Kingdom,758,540,219
2011,3Q,Europe,Total Europe,Total Country,5021,4045,976
2011,3Q,Latin America,of which,Bermuda,153,10,143
2011,3Q,Latin America,of which,Cayman Islands,311,536,-225
2011,3Q,Latin America,of which,Virgin Islands (British),-1371,11,-1382
2011,3Q,Latin America,Total Latin America,Total Country,438,632,-194
2011,3Q,North America,of which,United States,3034,2120,914
2011,3Q,North America,Total North America,Total Country,3094,2259,835
2011,3Q,Oceania,of which,Australia,647,139,508
2011,3Q,Oceania,Total Oceania,Total Country,767,184,583
2011,3Q,Other Block of Countries,Total Other Block of Countries,Total Country,4776,500,4276
2011,3Q,Southeast Asia,of which,Singapore,4314,2867,1447
2011,3Q,Southeast Asia,of which,Thailand,416,316,100
2011,3Q,Southeast Asia,Total Southeast Asia,Total Country,5147,3507,1640
2011,4Q,East Asia,of which,"China, People's Republic of",317,257,60
2011,4Q,East Asia,of which,"Hong Kong, SAR",2459,1833,626
2011,4Q,East Asia,of which,Japan,3640,2273,1367
2011,4Q,East Asia,of which,"Korea, Republic of",116,341,-224
2011,4Q,East Asia,of which,Taiwan,333,778,-444
2011,4Q,East Asia,Total East Asia,Total Country,6873,5481,1393
2011,4Q,Europe,of which,Denmark,174,48,125
2011,4Q,Europe,of which,France,655,403,252
2011,4Q,Europe,of which,Germany,1707,985,721
2011,4Q,Europe,of which,Luxembourg,337,240,96
2011,4Q,Europe,of which,Netherlands,2121,514,1608
2011,4Q,Europe,of which,Switzerland,999,161,838
2011,4Q,Europe,of which,United Kingdom,786,345,441
2011,4Q,Europe,Total Europe,Total Country,8839,3508,5331
2011,4Q,Latin America,of which,Bermuda,279,64,216
2011,4Q,Latin America,of which,Cayman Islands,815,3863,-3048
2011,4Q,Latin America,of which,Virgin Islands (British),354,489,-135
2011,4Q,Latin America,Total Latin America,Total Country,2316,5107,-2790
2011,4Q,North America,of which,United States,2727,3341,-614
2011,4Q,North America,Total North America,Total Country,2971,3585,-614
2011,4Q,Oceania,of which,Australia,582,187,395
2011,4Q,Oceania,Total Oceania,Total Country,673,213,459
2011,4Q,Other Block of Countries,Total Other Block of Countries,Total Country,692,481,211
2011,4Q,Southeast Asia,of which,Singapore,4347,2558,1789
2011,4Q,Southeast Asia,of which,Thailand,1376,232,1144
2011,4Q,Southeast Asia,Total Southeast Asia,Total Country,6314,3030,3284
2012,1Q,East Asia,of which,"China, People's Republic of",413,206,208
2012,1Q,East Asia,of which,"Hong Kong, SAR",2268,1398,870
2012,1Q,East Asia,of which,Japan,3318,1747,1571
2012,1Q,East Asia,of which,"Korea, Republic of",261,228,33
2012,1Q,East Asia,of which,Taiwan,448,395,53
2012,1Q,East Asia,Total East Asia,Total Country,6712,3980,2732
2012,1Q,Europe,of which,Denmark,56,57,-2
2012,1Q,Europe,of which,France,193,426,-233
2012,1Q,Europe,of which,Germany,1066,488,578
2012,1Q,Europe,of which,Luxembourg,593,39,554
2012,1Q,Europe,of which,Netherlands,1729,1828,-99
2012,1Q,Europe,of which,Switzerland,775,332,443
2012,1Q,Europe,of which,United Kingdom,1047,652,395
2012,1Q,Europe,Total Europe,Total Country,6299,4185,2114
2012,1Q,Latin America,of which,Bermuda,400,39,361
2012,1Q,Latin America,of which,Cayman Islands,1010,77,933
2012,1Q,Latin America,of which,Virgin Islands (British),87,76,11
2012,1Q,Latin America,Total Latin America,Total Country,2518,705,1813
2012,1Q,North America,of which,United States,1870,3894,-2023
2012,1Q,North America,Total North America,Total Country,2160,3950,-1790
2012,1Q,Oceania,of which,Australia,598,414,184
2012,1Q,Oceania,Total Oceania,Total Country,770,433,337
2012,1Q,Other Block of Countries,Total Other Block of Countries,Total Country,2032,348,1684
2012,1Q,Southeast Asia,of which,Singapore,3245,2887,358
2012,1Q,Southeast Asia,of which,Thailand,383,844,-462
2012,1Q,Southeast Asia,Total Southeast Asia,Total Country,5723,4061,1662
2012,2Q,East Asia,of which,"China, People's Republic of",246,839,-594
2012,2Q,East Asia,of which,"Hong Kong, SAR",2571,1995,577
2012,2Q,East Asia,of which,Japan,3257,2031,1226
2012,2Q,East Asia,of which,"Korea, Republic of",755,776,-21
2012,2Q,East Asia,of which,Taiwan,302,320,-18
2012,2Q,East Asia,Total East Asia,Total Country,7145,5966,1179
2012,2Q,Europe,of which,Denmark,-107,51,-158
2012,2Q,Europe,of which,France,534,578,-45
2012,2Q,Europe,of which,Germany,667,412,254
2012,2Q,Europe,of which,Luxembourg,110,125,-16
2012,2Q,Europe,of which,Netherlands,2093,920,1173
2012,2Q,Europe,of which,Switzerland,549,303,246
2012,2Q,Europe,of which,United Kingdom,284,829,-545
2012,2Q,Europe,Total Europe,Total Country,5856,3915,1940
2012,2Q,Latin America,of which,Bermuda,613,21,592
2012,2Q,Latin America,of which,Cayman Islands,132,207,-75
2012,2Q,Latin America,of which,Virgin Islands (British),671,93,578
2012,2Q,Latin America,Total Latin America,Total Country,2668,1040,1628
2012,2Q,North America,of which,United States,3811,3798,14
2012,2Q,North America,Total North America,Total Country,3868,3810,57
2012,2Q,Oceania,of which,Australia,634,590,44
2012,2Q,Oceania,Total Oceania,Total Country,784,611,173
2012,2Q,Other Block of Countries,Total Other Block of Countries,Total Country,1385,634,752
2012,2Q,Southeast Asia,of which,Singapore,4313,2723,1590
2012,2Q,Southeast Asia,of which,Thailand,437,579,-142
2012,2Q,Southeast Asia,Total Southeast Asia,Total Country,5256,3598,1658
2012,3Q,East Asia,of which,"China, People's Republic of",447,520,-73
2012,3Q,East Asia,of which,"Hong Kong, SAR",2370,2451,-81
2012,3Q,East Asia,of which,Japan,2555,2383,171
2012,3Q,East Asia,of which,"Korea, Republic of",279,339,-60
2012,3Q,East Asia,of which,Taiwan,122,130,-8
2012,3Q,East Asia,Total East Asia,Total Country,5776,5830,-54
2012,3Q,Europe,of which,Denmark,89,26,63
2012,3Q,Europe,of which,France,524,539,-15
2012,3Q,Europe,of which,Germany,1067,592,475
2012,3Q,Europe,of which,Luxembourg,416,275,141
2012,3Q,Europe,of which,Netherlands,1714,1257,456
2012,3Q,Europe,of which,Switzerland,863,200,663
2012,3Q,Europe,of which,United Kingdom,1420,466,954
2012,3Q,Europe,Total Europe,Total Country,5745,6686,-940
2012,3Q,Latin America,of which,Bermuda,143,10,133
2012,3Q,Latin America,of which,Cayman Islands,575,1773,-1198
2012,3Q,Latin America,of which,Virgin Islands (British),649,223,426
2012,3Q,Latin America,Total Latin America,Total Country,2565,2116,450
2012,3Q,North America,of which,United States,4629,2386,2243
2012,3Q,North America,Total North America,Total Country,4666,2461,2206
2012,3Q,Oceania,of which,Australia,1326,115,1211
2012,3Q,Oceania,Total Oceania,Total Country,1437,153,1284
2012,3Q,Other Block of Countries,Total Other Block of Countries,Total Country,1727,809,917
2012,3Q,Southeast Asia,of which,Singapore,4271,2300,1971
2012,3Q,Southeast Asia,of which,Thailand,530,294,235
2012,3Q,Southeast Asia,Total Southeast Asia,Total Country,5367,2785,2581
2012,4Q,East Asia,of which,"China, People's Republic of",1248,692,556
2012,4Q,East Asia,of which,"Hong Kong, SAR",2397,2617,-220
2012,4Q,East Asia,of which,Japan,4140,1237,2903
2012,4Q,East Asia,of which,"Korea, Republic of",-483,167,-649
2012,4Q,East Asia,of which,Taiwan,142,415,-273
2012,4Q,East Asia,Total East Asia,Total Country,7449,5133,2316
2012,4Q,Europe,of which,Denmark,43,28,15
2012,4Q,Europe,of which,France,509,304,204
2012,4Q,Europe,of which,Germany,1224,811,413
2012,4Q,Europe,of which,Luxembourg,423,399,23
2012,4Q,Europe,of which,Netherlands,2572,2147,425
2012,4Q,Europe,of which,Switzerland,522,235,286
2012,4Q,Europe,of which,United Kingdom,1203,1019,184
2012,4Q,Europe,Total Europe,Total Country,7934,6036,1898
2012,4Q,Latin America,of which,Bermuda,222,660,-438
2012,4Q,Latin America,of which,Cayman Islands,379,326,53
2012,4Q,Latin America,of which,Virgin Islands (British),270,52,218
2012,4Q,Latin America,Total Latin America,Total Country,2069,1753,316
2012,4Q,North America,of which,United States,978,2578,-1599
2012,4Q,North America,Total North America,Total Country,1048,2703,-1655
2012,4Q,Oceania,of which,Australia,574,341,233
2012,4Q,Oceania,Total Oceania,Total Country,571,372,200
2012,4Q,Other Block of Countries,Total Other Block of Countries,Total Country,1273,506,767
2012,4Q,Southeast Asia,of which,Singapore,5193,3763,1431
2012,4Q,Southeast Asia,of which,Thailand,631,436,196
2012,4Q,Southeast Asia,Total Southeast Asia,Total Country,6712,4398,2313
2013,1Q,East Asia,of which,"China, People's Republic of",365,584,-219
2013,1Q,East Asia,of which,"Hong Kong, SAR",2934,2265,669
2013,1Q,East Asia,of which,Japan,3835,2413,1423
2013,1Q,East Asia,of which,"Korea, Republic of",177,344,-167
2013,1Q,East Asia,of which,Taiwan,346,74,272
2013,1Q,East Asia,Total East Asia,Total Country,7664,5688,1976
2013,1Q,Europe,of which,Denmark,77,22,54
2013,1Q,Europe,of which,France,564,346,219
2013,1Q,Europe,of which,Germany,372,575,-204
2013,1Q,Europe,of which,Luxembourg,-414,292,-707
2013,1Q,Europe,of which,Netherlands,2401,1125,1276
2013,1Q,Europe,of which,Switzerland,1078,559,520
2013,1Q,Europe,of which,United Kingdom,307,361,-54
2013,1Q,Europe,Total Europe,Total Country,5295,3734,1561
2013,1Q,Latin America,of which,Bermuda,516,56,460
2013,1Q,Latin America,of which,Cayman Islands,1010,201,809
2013,1Q,Latin America,of which,Virgin Islands (British),319,69,250
2013,1Q,Latin America,Total Latin America,Total Country,3055,1100,1955
2013,1Q,North America,of which,United States,3143,1736,1407
2013,1Q,North America,Total North America,Total Country,3237,1846,1391
2013,1Q,Oceania,of which,Australia,302,305,-3
2013,1Q,Oceania,Total Oceania,Total Country,437,324,113
2013,1Q,Other Block of Countries,Total Other Block of Countries,Total Country,1138,634,504
2013,1Q,Southeast Asia,of which,Singapore,3795,2426,1369
2013,1Q,Southeast Asia,of which,Thailand,437,535,-98
2013,1Q,Southeast Asia,Total Southeast Asia,Total Country,4755,3175,1580
2013,2Q,East Asia,of which,"China, People's Republic of",406,644,-238
2013,2Q,East Asia,of which,"Hong Kong, SAR",2496,2257,239
2013,2Q,East Asia,of which,Japan,6052,1861,4191
2013,2Q,East Asia,of which,"Korea, Republic of",376,250,126
2013,2Q,East Asia,of which,Taiwan,80,183,-103
2013,2Q,East Asia,Total East Asia,Total Country,9422,5197,4225
2013,2Q,Europe,of which,Denmark,87,33,53
2013,2Q,Europe,of which,France,349,727,-378
2013,2Q,Europe,of which,Germany,596,540,56
2013,2Q,Europe,of which,Luxembourg,772,87,686
2013,2Q,Europe,of which,Netherlands,1435,1310,125
2013,2Q,Europe,of which,Switzerland,706,330,375
2013,2Q,Europe,of which,United Kingdom,-42,100,-143
2013,2Q,Europe,Total Europe,Total Country,5037,3405,1632
2013,2Q,Latin America,of which,Bermuda,1175,49,1127
2013,2Q,Latin America,of which,Cayman Islands,360,517,-157
2013,2Q,Latin America,of which,Virgin Islands (British),269,15,255
2013,2Q,Latin America,Total Latin America,Total Country,2181,1115,1066
2013,2Q,North America,of which,United States,1705,2215,-510
2013,2Q,North America,Total North America,Total Country,1931,2300,-369
2013,2Q,Oceania,of which,Australia,326,217,108
2013,2Q,Oceania,Total Oceania,Total Country,448,250,198
2013,2Q,Other Block of Countries,Total Other Block of Countries,Total Country,1287,363,925
2013,2Q,Southeast Asia,of which,Singapore,3570,2484,1087
2013,2Q,Southeast Asia,of which,Thailand,683,352,331
2013,2Q,Southeast Asia,Total Southeast Asia,Total Country,4210,3100,1110
2013,3Q,East Asia,of which,"China, People's Republic of",659,415,244
2013,3Q,East Asia,of which,"Hong Kong, SAR",2187,1891,296
2013,3Q,East Asia,of which,Japan,2989,1237,1753
2013,3Q,East Asia,of which,"Korea, Republic of",550,230,320
2013,3Q,East Asia,of which,Taiwan,77,148,-71
2013,3Q,East Asia,Total East Asia,Total Country,6473,3946,2527
2013,3Q,Europe,of which,Denmark,31,40,-9
2013,3Q,Europe,of which,France,783,418,365
2013,3Q,Europe,of which,Germany,856,1275,-419
2013,3Q,Europe,of which,Luxembourg,-250,80,-331
2013,3Q,Europe,of which,Netherlands,3280,1093,2187
2013,3Q,Europe,of which,Switzerland,1022,446,575
2013,3Q,Europe,of which,United Kingdom,1160,495,665
2013,3Q,Europe,Total Europe,Total Country,6642,4377,2265
2013,3Q,Latin America,of which,Bermuda,-404,8,-412
2013,3Q,Latin America,of which,Cayman Islands,472,386,85
2013,3Q,Latin America,of which,Virgin Islands (British),161,63,98
2013,3Q,Latin America,Total Latin America,Total Country,1597,767,830
2013,3Q,North America,of which,United States,3103,1451,1652
2013,3Q,North America,Total North America,Total Country,3205,1693,1512
2013,3Q,Oceania,of which,Australia,311,194,117
2013,3Q,Oceania,Total Oceania,Total Country,455,215,240
2013,3Q,Other Block of Countries,Total Other Block of Countries,Total Country,1523,375,1148
2013,3Q,Southeast Asia,of which,Singapore,3591,3546,45
2013,3Q,Southeast Asia,of which,Thailand,582,243,339
2013,3Q,Southeast Asia,Total Southeast Asia,Total Country,4701,4098,603
2013,4Q,East Asia,of which,"China, People's Republic of",827,290,537
2013,4Q,East Asia,of which,"Hong Kong, SAR",3850,586,3264
2013,4Q,East Asia,of which,Japan,2026,1376,650
2013,4Q,East Asia,of which,"Korea, Republic of",-686,119,-805
2013,4Q,East Asia,of which,Taiwan,132,152,-19
2013,4Q,East Asia,Total East Asia,Total Country,6171,2525,3646
2013,4Q,Europe,of which,Denmark,91,30,61
2013,4Q,Europe,of which,France,332,330,2
2013,4Q,Europe,of which,Germany,1161,618,543
2013,4Q,Europe,of which,Luxembourg,184,113,71
2013,4Q,Europe,of which,Netherlands,4738,3584,1155
2013,4Q,Europe,of which,Switzerland,873,151,722
2013,4Q,Europe,of which,United Kingdom,-201,515,-716
2013,4Q,Europe,Total Europe,Total Country,8347,5871,2476
2013,4Q,Latin America,of which,Bermuda,384,4,380
2013,4Q,Latin America,of which,Cayman Islands,287,264,23
2013,4Q,Latin America,of which,Virgin Islands (British),2309,358,1951
2013,4Q,Latin America,Total Latin America,Total Country,4064,1393,2671
2013,4Q,North America,of which,United States,849,2818,-1969
2013,4Q,North America,Total North America,Total Country,1148,2984,-1836
2013,4Q,Oceania,of which,Australia,365,200,164
2013,4Q,Oceania,Total Oceania,Total Country,509,223,286
2013,4Q,Other Block of Countries,Total Other Block of Countries,Total Country,2552,2110,442
2013,4Q,Southeast Asia,of which,Singapore,5336,2316,3019
2013,4Q,Southeast Asia,of which,Thailand,448,257,191
2013,4Q,Southeast Asia,Total Southeast Asia,Total Country,6385,2887,3498
2014,1Q,East Asia,of which,"China, People's Republic of",529,250,280
2014,1Q,East Asia,of which,"Hong Kong, SAR",1420,276,1143
2014,1Q,East Asia,of which,Japan,1821,2192,-371
2014,1Q,East Asia,of which,"Korea, Republic of",333,364,-31
2014,1Q,East Asia,of which,Taiwan,137,112,25
2014,1Q,East Asia,Total East Asia,Total Country,4240,3206,1033
2014,1Q,Europe,of which,Denmark,37,59,-21
2014,1Q,Europe,of which,France,1414,368,1045
2014,1Q,Europe,of which,Germany,957,1182,-225
2014,1Q,Europe,of which,Luxembourg,210,179,30
2014,1Q,Europe,of which,Netherlands,4783,3184,1599
2014,1Q,Europe,of which,Switzerland,764,515,249
2014,1Q,Europe,of which,United Kingdom,875,409,465
2014,1Q,Europe,Total Europe,Total Country,9958,6327,3631
2014,1Q,Latin America,of which,Bermuda,922,0,922
2014,1Q,Latin America,of which,Cayman Islands,629,27,601
2014,1Q,Latin America,of which,Virgin Islands (British),355,19,337
2014,1Q,Latin America,Total Latin America,Total Country,2579,901,1678
2014,1Q,North America,of which,United States,2696,3067,-371
2014,1Q,North America,Total North America,Total Country,2876,3100,-224
2014,1Q,Oceania,of which,Australia,-1,231,-232
2014,1Q,Oceania,Total Oceania,Total Country,151,255,-104
2014,1Q,Other Block of Countries,Total Other Block of Countries,Total Country,1549,525,1024
2014,1Q,Southeast Asia,of which,Singapore,3938,3619,319
2014,1Q,Southeast Asia,of which,Thailand,402,388,15
2014,1Q,Southeast Asia,Total Southeast Asia,Total Country,4665,4461,204
2014,2Q,East Asia,of which,"China, People's Republic of",430,265,165
2014,2Q,East Asia,of which,"Hong Kong, SAR",1121,302,819
2014,2Q,East Asia,of which,Japan,2965,1843,1122
2014,2Q,East Asia,of which,"Korea, Republic of",572,645,-74
2014,2Q,East Asia,of which,Taiwan,252,82,170
2014,2Q,East Asia,Total East Asia,Total Country,5356,3140,2215
2014,2Q,Europe,of which,Denmark,66,6,59
2014,2Q,Europe,of which,France,632,234,399
2014,2Q,Europe,of which,Germany,843,846,-3
2014,2Q,Europe,of which,Luxembourg,252,61,190
2014,2Q,Europe,of which,Netherlands,6226,3140,3086
2014,2Q,Europe,of which,Switzerland,493,392,101
2014,2Q,Europe,of which,United Kingdom,171,600,-430
2014,2Q,Europe,Total Europe,Total Country,10691,5747,4944
2014,2Q,Latin America,of which,Bermuda,573,1,572
2014,2Q,Latin America,of which,Cayman Islands,383,103,280
2014,2Q,Latin America,of which,Virgin Islands (British),141,56,85
2014,2Q,Latin America,Total Latin America,Total Country,1711,725,986
2014,2Q,North America,of which,United States,2684,2460,225
2014,2Q,North America,Total North America,Total Country,2828,2480,348
2014,2Q,Oceania,of which,Australia,-202,275,-477
2014,2Q,Oceania,Total Oceania,Total Country,25,318,-294
2014,2Q,Other Block of Countries,Total Other Block of Countries,Total Country,1420,619,801
2014,2Q,Southeast Asia,of which,Singapore,4350,2883,1467
2014,2Q,Southeast Asia,of which,Thailand,326,289,37
2014,2Q,Southeast Asia,Total Southeast Asia,Total Country,5024,3511,1512
2014,3Q,East Asia,of which,"China, People's Republic of",912,355,558
2014,3Q,East Asia,of which,"Hong Kong, SAR",988,286,702
2014,3Q,East Asia,of which,Japan,2624,2698,-74
2014,3Q,East Asia,of which,"Korea, Republic of",425,753,-328
2014,3Q,East Asia,of which,Taiwan,151,123,28
2014,3Q,East Asia,Total East Asia,Total Country,5112,4218,894
2014,3Q,Europe,of which,Denmark,104,35,69
2014,3Q,Europe,of which,France,378,421,-43
2014,3Q,Europe,of which,Germany,649,451,197
2014,3Q,Europe,of which,Luxembourg,-383,182,-564
2014,3Q,Europe,of which,Netherlands,3610,3986,-376
2014,3Q,Europe,of which,Switzerland,371,274,97
2014,3Q,Europe,of which,United Kingdom,815,191,623
2014,3Q,Europe,Total Europe,Total Country,6078,5888,189
2014,3Q,Latin America,of which,Bermuda,397,21,376
2014,3Q,Latin America,of which,Cayman Islands,1026,60,966
2014,3Q,Latin America,of which,Virgin Islands (British),132,337,-205
2014,3Q,Latin America,Total Latin America,Total Country,2552,1145,1407
2014,3Q,North America,of which,United States,2096,2344,-248
2014,3Q,North America,Total North America,Total Country,2155,2406,-251
2014,3Q,Oceania,of which,Australia,249,184,64
2014,3Q,Oceania,Total Oceania,Total Country,488,449,38
2014,3Q,Other Block of Countries,Total Other Block of Countries,Total Country,2849,369,2481
2014,3Q,Southeast Asia,of which,Singapore,4725,2447,2278
2014,3Q,Southeast Asia,of which,Thailand,318,160,158
2014,3Q,Southeast Asia,Total Southeast Asia,Total Country,6033,2876,3157
2014,4Q,East Asia,of which,"China, People's Republic of",454,482,-28
2014,4Q,East Asia,of which,"Hong Kong, SAR",1447,673,774
2014,4Q,East Asia,of which,Japan,3297,1753,1544
2014,4Q,East Asia,of which,"Korea, Republic of",351,753,-402
2014,4Q,East Asia,of which,Taiwan,136,319,-183
2014,4Q,East Asia,Total East Asia,Total Country,5706,3981,1725
2014,4Q,Europe,of which,Denmark,81,25,57
2014,4Q,Europe,of which,France,483,394,89
2014,4Q,Europe,of which,Germany,1639,515,1123
2014,4Q,Europe,of which,Luxembourg,399,280,119
2014,4Q,Europe,of which,Netherlands,6771,4248,2524
2014,4Q,Europe,of which,Switzerland,702,359,343
2014,4Q,Europe,of which,United Kingdom,183,800,-616
2014,4Q,Europe,Total Europe,Total Country,10339,7304,3035
2014,4Q,Latin America,of which,Bermuda,468,20,448
2014,4Q,Latin America,of which,Cayman Islands,598,88,510
2014,4Q,Latin America,of which,Virgin Islands (British),916,60,856
2014,4Q,Latin America,Total Latin America,Total Country,3393,1060,2333
2014,4Q,North America,of which,United States,3860,5204,-1344
2014,4Q,North America,Total North America,Total Country,3903,5241,-1338
2014,4Q,Oceania,of which,Australia,558,321,238
2014,4Q,Oceania,Total Oceania,Total Country,1067,351,715
2014,4Q,Other Block of Countries,Total Other Block of Countries,Total Country,2022,1139,883
2014,4Q,Southeast Asia,of which,Singapore,6684,3661,3022
2014,4Q,Southeast Asia,of which,Thailand,676,486,190
2014,4Q,Southeast Asia,Total Southeast Asia,Total Country,7590,5013,2577
2015,1Q,East Asia,of which,"China, People's Republic of",844,455,389
2015,1Q,East Asia,of which,"Hong Kong, SAR",1230,898,332
2015,1Q,East Asia,of which,Japan,3499,1945,1554
2015,1Q,East Asia,of which,"Korea, Republic of",375,358,18
2015,1Q,East Asia,of which,Taiwan,318,135,183
2015,1Q,East Asia,Total East Asia,Total Country,6279,3845,2434
2015,1Q,Europe,of which,Denmark,189,27,161
2015,1Q,Europe,of which,France,610,268,342
2015,1Q,Europe,of which,Germany,494,1261,-767
2015,1Q,Europe,of which,Luxembourg,181,247,-65
2015,1Q,Europe,of which,Netherlands,2851,3675,-824
2015,1Q,Europe,of which,Switzerland,539,281,259
2015,1Q,Europe,of which,United Kingdom,1010,538,471
2015,1Q,Europe,Total Europe,Total Country,6004,6847,-843
2015,1Q,Latin America,of which,Bermuda,397,11,386
2015,1Q,Latin America,of which,Cayman Islands,316,779,-462
2015,1Q,Latin America,of which,Virgin Islands (British),408,27,381
2015,1Q,Latin America,Total Latin America,Total Country,989,1542,-553
2015,1Q,North America,of which,United States,5234,1685,3550
2015,1Q,North America,Total North America,Total Country,5472,1812,3660
2015,1Q,Oceania,of which,Australia,209,209,0
2015,1Q,Oceania,Total Oceania,Total Country,358,248,109
2015,1Q,Other Block of Countries,Total Other Block of Countries,Total Country,1450,814,636
2015,1Q,Southeast Asia,of which,Singapore,4664,3823,841
2015,1Q,Southeast Asia,of which,Thailand,689,377,312
2015,1Q,Southeast Asia,Total Southeast Asia,Total Country,7294,4569,2724
2015,2Q,East Asia,of which,"China, People's Republic of",742,762,-20
2015,2Q,East Asia,of which,"Hong Kong, SAR",708,582,127
2015,2Q,East Asia,of which,Japan,8700,1758,6941
2015,2Q,East Asia,of which,"Korea, Republic of",460,145,314
2015,2Q,East Asia,of which,Taiwan,233,150,84
2015,2Q,East Asia,Total East Asia,Total Country,10854,3417,7437
2015,2Q,Europe,of which,Denmark,12,49,-36
2015,2Q,Europe,of which,France,385,340,45
2015,2Q,Europe,of which,Germany,1005,532,473
2015,2Q,Europe,of which,Luxembourg,479,72,408
2015,2Q,Europe,of which,Netherlands,5455,4662,793
2015,2Q,Europe,of which,Switzerland,-4,267,-272
2015,2Q,Europe,of which,United Kingdom,1105,434,671
2015,2Q,Europe,Total Europe,Total Country,9623,6861,2762
2015,2Q,Latin America,of which,Bermuda,200,110,90
2015,2Q,Latin America,of which,Cayman Islands,116,575,-459
2015,2Q,Latin America,of which,Virgin Islands (British),555,432,123
2015,2Q,Latin America,Total Latin America,Total Country,-549,1858,-2406
2015,2Q,North America,of which,United States,4793,2744,2049
2015,2Q,North America,Total North America,Total Country,5285,3189,2096
2015,2Q,Oceania,of which,Australia,-17,472,-489
2015,2Q,Oceania,Total Oceania,Total Country,-13,525,-537
2015,2Q,Other Block of Countries,Total Other Block of Countries,Total Country,5304,657,4647
2015,2Q,Southeast Asia,of which,Singapore,3681,3083,598
2015,2Q,Southeast Asia,of which,Thailand,540,179,361
2015,2Q,Southeast Asia,Total Southeast Asia,Total Country,4785,3706,1079
2015,3Q,East Asia,of which,"China, People's Republic of",966,909,57
2015,3Q,East Asia,of which,"Hong Kong, SAR",1390,605,785
2015,3Q,East Asia,of which,Japan,1065,2616,-1552
2015,3Q,East Asia,of which,"Korea, Republic of",522,147,375
2015,3Q,East Asia,of which,Taiwan,373,104,269
2015,3Q,East Asia,Total East Asia,Total Country,4381,4430,-49
2015,3Q,Europe,of which,Denmark,146,18,128
2015,3Q,Europe,of which,France,834,312,523
2015,3Q,Europe,of which,Germany,1393,1083,310
2015,3Q,Europe,of which,Luxembourg,251,139,112
2015,3Q,Europe,of which,Netherlands,7334,5218,2117
2015,3Q,Europe,of which,Switzerland,250,330,-80
2015,3Q,Europe,of which,United Kingdom,-21,683,-705
2015,3Q,Europe,Total Europe,Total Country,9892,9089,803
2015,3Q,Latin America,of which,Bermuda,-215,478,-693
2015,3Q,Latin America,of which,Cayman Islands,811,215,596
2015,3Q,Latin America,of which,Virgin Islands (British),-65,255,-320
2015,3Q,Latin America,Total Latin America,Total Country,-554,1586,-2140
2015,3Q,North America,of which,United States,2994,3274,-280
2015,3Q,North America,Total North America,Total Country,3129,3372,-243
2015,3Q,Oceania,of which,Australia,184,500,-316
2015,3Q,Oceania,Total Oceania,Total Country,317,545,-228
2015,3Q,Other Block of Countries,Total Other Block of Countries,Total Country,1438,830,608
2015,3Q,Southeast Asia,of which,Singapore,6845,3078,3767
2015,3Q,Southeast Asia,of which,Thailand,701,295,405
2015,3Q,Southeast Asia,Total Southeast Asia,Total Country,8002,3768,4234
2015,4Q,East Asia,of which,"China, People's Republic of",1283,394,889
2015,4Q,East Asia,of which,"Hong Kong, SAR",1204,649,555
2015,4Q,East Asia,of which,Japan,3891,1341,2550
2015,4Q,East Asia,of which,"Korea, Republic of",65,197,-132
2015,4Q,East Asia,of which,Taiwan,156,99,57
2015,4Q,East Asia,Total East Asia,Total Country,6668,2731,3937
2015,4Q,Europe,of which,Denmark,330,29,301
2015,4Q,Europe,of which,France,424,148,276
2015,4Q,Europe,of which,Germany,518,1613,-1095
2015,4Q,Europe,of which,Luxembourg,50,162,-112
2015,4Q,Europe,of which,Netherlands,2835,1800,1035
2015,4Q,Europe,of which,Switzerland,598,215,383
2015,4Q,Europe,of which,United Kingdom,2308,513,1794
2015,4Q,Europe,Total Europe,Total Country,8468,5054,3414
2015,4Q,Latin America,of which,Bermuda,65,565,-500
2015,4Q,Latin America,of which,Cayman Islands,795,278,518
2015,4Q,Latin America,of which,Virgin Islands (British),239,53,185
2015,4Q,Latin America,Total Latin America,Total Country,2326,1466,860
2015,4Q,North America,of which,United States,3418,3334,84
2015,4Q,North America,Total North America,Total Country,3484,3369,115
2015,4Q,Oceania,of which,Australia,662,437,225
2015,4Q,Oceania,Total Oceania,Total Country,698,474,224
2015,4Q,Other Block of Countries,Total Other Block of Countries,Total Country,1485,493,993
2015,4Q,Southeast Asia,of which,Singapore,7562,4427,3134
2015,4Q,Southeast Asia,of which,Thailand,603,370,233
2015,4Q,Southeast Asia,Total Southeast Asia,Total Country,8663,5062,3601
2016,1Q,East Asia,of which,"China, People's Republic of",1808,1005,803
2016,1Q,East Asia,of which,"Hong Kong, SAR",11251,657,10594
2016,1Q,East Asia,of which,Japan,2120,1258,861
2016,1Q,East Asia,of which,"Korea, Republic of",150,198,-48
2016,1Q,East Asia,of which,Taiwan,152,291,-139
2016,1Q,East Asia,Total East Asia,Total Country,15581,3492,12089
2016,1Q,Europe,of which,Denmark,187,210,-23
2016,1Q,Europe,of which,France,340,215,125
2016,1Q,Europe,of which,Germany,576,1199,-623
2016,1Q,Europe,of which,Luxembourg,183,88,95
2016,1Q,Europe,of which,Netherlands,4753,4697,56
2016,1Q,Europe,of which,Switzerland,480,238,242
2016,1Q,Europe,of which,United Kingdom,487,441,46
2016,1Q,Europe,Total Europe,Total Country,7555,8764,-1209
2016,1Q,Latin America,of which,Bermuda,586,29,558
2016,1Q,Latin America,of which,Cayman Islands,245,228,17
2016,1Q,Latin America,of which,Virgin Islands (British),640,154,486
2016,1Q,Latin America,Total Latin America,Total Country,4584,3569,1015
2016,1Q,North America,of which,United States,2785,3004,-219
2016,1Q,North America,Total North America,Total Country,2883,3103,-220
2016,1Q,Oceania,of which,Australia,211,424,-213
2016,1Q,Oceania,Total Oceania,Total Country,228,453,-224
2016,1Q,Other Block of Countries,Total Other Block of Countries,Total Country,1092,419,673
2016,1Q,Southeast Asia,of which,Singapore,6541,3828,2714
2016,1Q,Southeast Asia,of which,Thailand,742,255,487
2016,1Q,Southeast Asia,Total Southeast Asia,Total Country,7788,4418,3370
2016,2Q,East Asia,of which,"China, People's Republic of",1524,956,568
2016,2Q,East Asia,of which,"Hong Kong, SAR",3543,518,3025
2016,2Q,East Asia,of which,Japan,2047,1576,471
2016,2Q,East Asia,of which,"Korea, Republic of",711,260,451
2016,2Q,East Asia,of which,Taiwan,351,96,255
2016,2Q,East Asia,Total East Asia,Total Country,8196,3408,4788
2016,2Q,Europe,of which,Denmark,55,13,42
2016,2Q,Europe,of which,France,240,513,-274
2016,2Q,Europe,of which,Germany,683,629,54
2016,2Q,Europe,of which,Luxembourg,155,155,0
2016,2Q,Europe,of which,Netherlands,5132,4643,489
2016,2Q,Europe,of which,Switzerland,512,455,56
2016,2Q,Europe,of which,United Kingdom,1905,297,1608
2016,2Q,Europe,Total Europe,Total Country,9598,7306,2292
2016,2Q,Latin America,of which,Bermuda,-605,29,-634
2016,2Q,Latin America,of which,Cayman Islands,195,108,87
2016,2Q,Latin America,of which,Virgin Islands (British),177,74,103
2016,2Q,Latin America,Total Latin America,Total Country,2420,3216,-797
2016,2Q,North America,of which,United States,3785,2078,1707
2016,2Q,North America,Total North America,Total Country,3821,2164,1657
2016,2Q,Oceania,of which,Australia,278,382,-104
2016,2Q,Oceania,Total Oceania,Total Country,299,419,-119
2016,2Q,Other Block of Countries,Total Other Block of Countries,Total Country,921,678,243
2016,2Q,Southeast Asia,of which,Singapore,5031,2774,2257
2016,2Q,Southeast Asia,of which,Thailand,402,248,154
2016,2Q,Southeast Asia,Total Southeast Asia,Total Country,5873,3386,2487
2016,3Q,East Asia,of which,"China, People's Republic of",2377,614,1763
2016,3Q,East Asia,of which,"Hong Kong, SAR",1646,637,1008
2016,3Q,East Asia,of which,Japan,3079,3215,-136
2016,3Q,East Asia,of which,"Korea, Republic of",594,340,254
2016,3Q,East Asia,of which,Taiwan,204,117,87
2016,3Q,East Asia,Total East Asia,Total Country,7914,4932,2982
2016,3Q,Europe,of which,Denmark,136,42,94
2016,3Q,Europe,of which,France,287,373,-86
2016,3Q,Europe,of which,Germany,1291,485,806
2016,3Q,Europe,of which,Luxembourg,-83,290,-373
2016,3Q,Europe,of which,Netherlands,6101,5305,795
2016,3Q,Europe,of which,Switzerland,1014,317,698
2016,3Q,Europe,of which,United Kingdom,924,398,526
2016,3Q,Europe,Total Europe,Total Country,10663,7597,3066
2016,3Q,Latin America,of which,Bermuda,-183,47,-230
2016,3Q,Latin America,of which,Cayman Islands,407,100,307
2016,3Q,Latin America,of which,Virgin Islands (British),-432,66,-498
2016,3Q,Latin America,Total Latin America,Total Country,3680,3546,133
2016,3Q,North America,of which,United States,4432,4230,202
2016,3Q,North America,Total North America,Total Country,4576,4275,302
2016,3Q,Oceania,of which,Australia,384,356,28
2016,3Q,Oceania,Total Oceania,Total Country,392,379,13
2016,3Q,Other Block of Countries,Total Other Block of Countries,Total Country,1503,772,730
2016,3Q,Southeast Asia,of which,Singapore,3806,2599,1207
2016,3Q,Southeast Asia,of which,Thailand,313,255,58
2016,3Q,Southeast Asia,Total Southeast Asia,Total Country,4631,3890,741
2016,4Q,East Asia,of which,"China, People's Republic of",3120,351,2769
2016,4Q,East Asia,of which,"Hong Kong, SAR",1613,1404,209
2016,4Q,East Asia,of which,Japan,3544,1113,2431
2016,4Q,East Asia,of which,"Korea, Republic of",1004,157,847
2016,4Q,East Asia,of which,Taiwan,314,178,135
2016,4Q,East Asia,Total East Asia,Total Country,9628,3235,6394
2016,4Q,Europe,of which,Denmark,126,15,112
2016,4Q,Europe,of which,France,416,264,153
2016,4Q,Europe,of which,Germany,1298,915,383
2016,4Q,Europe,of which,Luxembourg,15,62,-47
2016,4Q,Europe,of which,Netherlands,6621,5775,846
2016,4Q,Europe,of which,Switzerland,962,395,567
2016,4Q,Europe,of which,United Kingdom,2114,2139,-25
2016,4Q,Europe,Total Europe,Total Country,12790,10262,2528
2016,4Q,Latin America,of which,Bermuda,-39,4,-43
2016,4Q,Latin America,of which,Cayman Islands,260,370,-110
2016,4Q,Latin America,of which,Virgin Islands (British),18,43,-26
2016,4Q,Latin America,Total Latin America,Total Country,2191,1749,442
2016,4Q,North America,of which,United States,7085,3838,3247
2016,4Q,North America,Total North America,Total Country,7125,3956,3169
2016,4Q,Oceania,of which,Australia,140,406,-266
2016,4Q,Oceania,Total Oceania,Total Country,188,427,-239
2016,4Q,Other Block of Countries,Total Other Block of Countries,Total Country,974,2394,-1420
2016,4Q,Southeast Asia,of which,Singapore,4727,3751,976
2016,4Q,Southeast Asia,of which,Thailand,1104,160,944
2016,4Q,Southeast Asia,Total Southeast Asia,Total Country,6372,4233,2139
2017,1Q,East Asia,of which,"China, People's Republic of",3127,591,2536
2017,1Q,East Asia,of which,"Hong Kong, SAR",2468,823,1645
2017,1Q,East Asia,of which,Japan,4534,2076,2458
2017,1Q,East Asia,of which,"Korea, Republic of",1192,580,612
2017,1Q,East Asia,of which,Taiwan,267,74,193
2017,1Q,East Asia,Total East Asia,Total Country,11608,4167,7441
2017,1Q,Europe,of which,Denmark,122,37,86
2017,1Q,Europe,of which,France,439,312,127
2017,1Q,Europe,of which,Germany,996,362,634
2017,1Q,Europe,of which,Luxembourg,-4,37,-41
2017,1Q,Europe,of which,Netherlands,3872,2702,1170
2017,1Q,Europe,of which,Switzerland,1100,436,664
2017,1Q,Europe,of which,United Kingdom,3547,444,3102
2017,1Q,Europe,Total Europe,Total Country,11873,5106,6767
2017,1Q,Latin America,of which,Bermuda,338,52,286
2017,1Q,Latin America,of which,Cayman Islands,421,38,383
2017,1Q,Latin America,of which,Virgin Islands (British),120,50,70
2017,1Q,Latin America,Total Latin America,Total Country,5302,3820,1482
2017,1Q,North America,of which,United States,4258,6362,-2104
2017,1Q,North America,Total North America,Total Country,4403,6466,-2063
2017,1Q,Oceania,of which,Australia,-200,217,-417
2017,1Q,Oceania,Total Oceania,Total Country,-184,256,-439
2017,1Q,Other Block of Countries,Total Other Block of Countries,Total Country,2328,339,1989
2017,1Q,Southeast Asia,of which,Singapore,4994,3611,1383
2017,1Q,Southeast Asia,of which,Thailand,703,146,557
2017,1Q,Southeast Asia,Total Southeast Asia,Total Country,6434,4373,2061
2017,2Q,East Asia,of which,"China, People's Republic of",3044,743,2302
2017,2Q,East Asia,of which,"Hong Kong, SAR",1343,753,590
2017,2Q,East Asia,of which,Japan,3457,2294,1162
2017,2Q,East Asia,of which,"Korea, Republic of",461,812,-352
2017,2Q,East Asia,of which,Taiwan,601,543,58
2017,2Q,East Asia,Total East Asia,Total Country,8928,5172,3756
2017,2Q,Europe,of which,Denmark,72,13,59
2017,2Q,Europe,of which,France,200,374,-174
2017,2Q,Europe,of which,Germany,1514,447,1067
2017,2Q,Europe,of which,Luxembourg,768,66,702
2017,2Q,Europe,of which,Netherlands,4567,5931,-1365
2017,2Q,Europe,of which,Switzerland,359,954,-595
2017,2Q,Europe,of which,United Kingdom,1275,196,1078
2017,2Q,Europe,Total Europe,Total Country,8970,8660,309
2017,2Q,Latin America,of which,Bermuda,555,49,506
2017,2Q,Latin America,of which,Cayman Islands,330,11,319
2017,2Q,Latin America,of which,Virgin Islands (British),274,96,178
2017,2Q,Latin America,Total Latin America,Total Country,2109,813,1296
2017,2Q,North America,of which,United States,4095,2174,1920
2017,2Q,North America,Total North America,Total Country,4155,2235,1920
2017,2Q,Oceania,of which,Australia,321,283,38
2017,2Q,Oceania,Total Oceania,Total Country,459,307,151
2017,2Q,Other Block of Countries,Total Other Block of Countries,Total Country,886,482,405
2017,2Q,Southeast Asia,of which,Singapore,4528,4055,473
2017,2Q,Southeast Asia,of which,Thailand,211,211,0
2017,2Q,Southeast Asia,Total Southeast Asia,Total Country,5392,4566,826
2017,3Q,East Asia,of which,"China, People's Republic of",1785,766,1019
2017,3Q,East Asia,of which,"Hong Kong, SAR",5169,1704,3465
2017,3Q,East Asia,of which,Japan,2677,2258,419
2017,3Q,East Asia,of which,"Korea, Republic of",633,116,517
2017,3Q,East Asia,of which,Taiwan,275,180,95
2017,3Q,East Asia,Total East Asia,Total Country,10549,5032,5517
2017,3Q,Europe,of which,Denmark,33,91,-58
2017,3Q,Europe,of which,France,719,215,504
2017,3Q,Europe,of which,Germany,1595,948,648
2017,3Q,Europe,of which,Luxembourg,554,99,455
2017,3Q,Europe,of which,Netherlands,4570,4315,255
2017,3Q,Europe,of which,Switzerland,889,228,661
2017,3Q,Europe,of which,United Kingdom,1470,504,966
2017,3Q,Europe,Total Europe,Total Country,11054,7500,3554
2017,3Q,Latin America,of which,Bermuda,345,197,148
2017,3Q,Latin America,of which,Cayman Islands,2947,375,2572
2017,3Q,Latin America,of which,Virgin Islands (British),447,164,283
2017,3Q,Latin America,Total Latin America,Total Country,12854,10441,2413
2017,3Q,North America,of which,United States,2984,2970,14
2017,3Q,North America,Total North America,Total Country,3220,3321,-101
2017,3Q,Oceania,of which,Australia,285,519,-233
2017,3Q,Oceania,Total Oceania,Total Country,483,570,-87
2017,3Q,Other Block of Countries,Total Other Block of Countries,Total Country,884,3613,-2729
2017,3Q,Southeast Asia,of which,Singapore,8323,5987,2336
2017,3Q,Southeast Asia,of which,Thailand,406,292,114
2017,3Q,Southeast Asia,Total Southeast Asia,Total Country,10231,6730,3501
2017,4Q,East Asia,of which,"China, People's Republic of",1950,920,1030
2017,4Q,East Asia,of which,"Hong Kong, SAR",4184,1003,3181
2017,4Q,East Asia,of which,Japan,3078,2058,1020
2017,4Q,East Asia,of which,"Korea, Republic of",364,202,162
2017,4Q,East Asia,of which,Taiwan,1190,678,512
2017,4Q,East Asia,Total East Asia,Total Country,10819,4908,5911
2017,4Q,Europe,of which,Denmark,111,9,101
2017,4Q,Europe,of which,France,173,313,-140
2017,4Q,Europe,of which,Germany,2902,1543,1359
2017,4Q,Europe,of which,Luxembourg,999,943,56
2017,4Q,Europe,of which,Netherlands,4447,3818,629
2017,4Q,Europe,of which,Switzerland,-103,357,-459
2017,4Q,Europe,of which,United Kingdom,1369,1473,-105
2017,4Q,Europe,Total Europe,Total Country,10517,9416,1101
2017,4Q,Latin America,of which,Bermuda,476,343,134
2017,4Q,Latin America,of which,Cayman Islands,774,289,485
2017,4Q,Latin America,of which,Virgin Islands (British),221,127,93
2017,4Q,Latin America,Total Latin America,Total Country,1652,1958,-306
2017,4Q,North America,of which,United States,1610,6325,-4715
2017,4Q,North America,Total North America,Total Country,1733,6411,-4678
2017,4Q,Oceania,of which,Australia,378,1496,-1118
2017,4Q,Oceania,Total Oceania,Total Country,476,1561,-1085
2017,4Q,Other Block of Countries,Total Other Block of Countries,Total Country,646,2233,-1587
2017,4Q,Southeast Asia,of which,Singapore,7320,5166,2154
2017,4Q,Southeast Asia,of which,Thailand,621,413,208
2017,4Q,Southeast Asia,Total Southeast Asia,Total Country,9015,5921,3094
2018,1Q,East Asia,of which,"China, People's Republic of",1244,898,346
2018,1Q,East Asia,of which,"Hong Kong, SAR",2175,1713,461
2018,1Q,East Asia,of which,Japan,3256,1676,1580
2018,1Q,East Asia,of which,"Korea, Republic of",331,142,189
2018,1Q,East Asia,of which,Taiwan,163,459,-296
2018,1Q,East Asia,Total East Asia,Total Country,7183,4890,2293
2018,1Q,Europe,of which,Denmark,89,110,-21
2018,1Q,Europe,of which,France,431,319,112
2018,1Q,Europe,of which,Germany,2720,1745,975
2018,1Q,Europe,of which,Luxembourg,279,112,167
2018,1Q,Europe,of which,Netherlands,4333,2981,1352
2018,1Q,Europe,of which,Switzerland,683,170,513
2018,1Q,Europe,of which,United Kingdom,1412,1162,250
2018,1Q,Europe,Total Europe,Total Country,11286,7351,3935
2018,1Q,Latin America,of which,Bermuda,715,250,465
2018,1Q,Latin America,of which,Cayman Islands,-259,2630,-2889
2018,1Q,Latin America,of which,Virgin Islands (British),-317,181,-498
2018,1Q,Latin America,Total Latin America,Total Country,6992,6465,527
2018,1Q,North America,of which,United States,5046,2735,2310
2018,1Q,North America,Total North America,Total Country,5122,2890,2232
2018,1Q,Oceania,of which,Australia,512,343,170
2018,1Q,Oceania,Total Oceania,Total Country,625,420,205
2018,1Q,Other Block of Countries,Total Other Block of Countries,Total Country,1326,1528,-202
2018,1Q,Southeast Asia,of which,Singapore,6433,5622,811
2018,1Q,Southeast Asia,of which,Thailand,703,658,45
2018,1Q,Southeast Asia,Total Southeast Asia,Total Country,8466,6803,1664
2018,2Q,East Asia,of which,"China, People's Republic of",962,962,0
2018,2Q,East Asia,of which,"Hong Kong, SAR",5791,2078,3714
2018,2Q,East Asia,of which,Japan,2222,2080,141
2018,2Q,East Asia,of which,"Korea, Republic of",264,422,-159
2018,2Q,East Asia,of which,Taiwan,185,297,-112
2018,2Q,East Asia,Total East Asia,Total Country,9430,5860,3570
2018,2Q,Europe,of which,Denmark,-66,41,-107
2018,2Q,Europe,of which,France,213,217,-3
2018,2Q,Europe,of which,Germany,805,840,-35
2018,2Q,Europe,of which,Luxembourg,246,89,157
2018,2Q,Europe,of which,Netherlands,7373,9216,-1843
2018,2Q,Europe,of which,Switzerland,276,219,56
2018,2Q,Europe,of which,United Kingdom,2102,510,1592
2018,2Q,Europe,Total Europe,Total Country,11931,11872,59
2018,2Q,Latin America,of which,Bermuda,466,2418,-1953
2018,2Q,Latin America,of which,Cayman Islands,1864,606,1257
2018,2Q,Latin America,of which,Virgin Islands (British),143,151,-9
2018,2Q,Latin America,Total Latin America,Total Country,4027,4600,-573
2018,2Q,North America,of which,United States,3507,2195,1312
2018,2Q,North America,Total North America,Total Country,3563,2375,1188
2018,2Q,Oceania,of which,Australia,135,317,-181
2018,2Q,Oceania,Total Oceania,Total Country,232,356,-124
2018,2Q,Other Block of Countries,Total Other Block of Countries,Total Country,1412,726,686
2018,2Q,Southeast Asia,of which,Singapore,5860,6429,-569
2018,2Q,Southeast Asia,of which,Thailand,547,330,218
2018,2Q,Southeast Asia,Total Southeast Asia,Total Country,7021,7090,-68
2018,3Q,East Asia,of which,"China, People's Republic of",964,724,240
2018,3Q,East Asia,of which,"Hong Kong, SAR",3349,2729,620
2018,3Q,East Asia,of which,Japan,2873,1953,921
2018,3Q,East Asia,of which,"Korea, Republic of",390,301,89
2018,3Q,East Asia,of which,Taiwan,175,103,72
2018,3Q,East Asia,Total East Asia,Total Country,7795,5842,1952
2018,3Q,Europe,of which,Denmark,313,115,198
2018,3Q,Europe,of which,France,248,172,77
2018,3Q,Europe,of which,Germany,1544,1481,62
2018,3Q,Europe,of which,Luxembourg,217,78,140
2018,3Q,Europe,of which,Netherlands,4065,4218,-153
2018,3Q,Europe,of which,Switzerland,1153,200,953
2018,3Q,Europe,of which,United Kingdom,1616,357,1259
2018,3Q,Europe,Total Europe,Total Country,10129,7731,2398
2018,3Q,Latin America,of which,Bermuda,305,201,103
2018,3Q,Latin America,of which,Cayman Islands,-75,1120,-1195
2018,3Q,Latin America,of which,Virgin Islands (British),327,173,154
2018,3Q,Latin America,Total Latin America,Total Country,1053,1879,-826
2018,3Q,North America,of which,United States,3571,1548,2024
2018,3Q,North America,Total North America,Total Country,3800,1593,2207
2018,3Q,Oceania,of which,Australia,424,318,106
2018,3Q,Oceania,Total Oceania,Total Country,460,411,49
2018,3Q,Other Block of Countries,Total Other Block of Countries,Total Country,1538,1785,-247
2018,3Q,Southeast Asia,of which,Singapore,3109,4598,-1489
2018,3Q,Southeast Asia,of which,Thailand,346,483,-137
2018,3Q,Southeast Asia,Total Southeast Asia,Total Country,3883,5416,-1533
2018,4Q,East Asia,of which,"China, People's Republic of",730,754,-23
2018,4Q,East Asia,of which,"Hong Kong, SAR",4152,1757,2394
2018,4Q,East Asia,of which,Japan,3843,1526,2317
2018,4Q,East Asia,of which,"Korea, Republic of",34,206,-172
2018,4Q,East Asia,of which,Taiwan,200,811,-611
2018,4Q,East Asia,Total East Asia,Total Country,8981,5055,3926
2018,4Q,Europe,of which,Denmark,211,129,81
2018,4Q,Europe,of which,France,983,230,752
2018,4Q,Europe,of which,Germany,1785,700,1084
2018,4Q,Europe,of which,Luxembourg,410,822,-412
2018,4Q,Europe,of which,Netherlands,6113,3454,2659
2018,4Q,Europe,of which,Switzerland,307,362,-54
2018,4Q,Europe,of which,United Kingdom,1676,1443,233
2018,4Q,Europe,Total Europe,Total Country,12129,8734,3395
2018,4Q,Latin America,of which,Bermuda,1442,109,1333
2018,4Q,Latin America,of which,Cayman Islands,244,892,-649
2018,4Q,Latin America,of which,Virgin Islands (British),235,232,3
2018,4Q,Latin America,Total Latin America,Total Country,2980,1764,1216
2018,4Q,North America,of which,United States,2970,1536,1434
2018,4Q,North America,Total North America,Total Country,3041,1677,1365
2018,4Q,Oceania,of which,Australia,188,209,-21
2018,4Q,Oceania,Total Oceania,Total Country,257,1009,-751
2018,4Q,Other Block of Countries,Total Other Block of Countries,Total Country,2415,1150,1265
2018,4Q,Southeast Asia,of which,Singapore,5091,4659,431
2018,4Q,Southeast Asia,of which,Thailand,604,483,121
2018,4Q,Southeast Asia,Total Southeast Asia,Total Country,6421,5486,935
2019,1Q,East Asia,of which,"China, People's Republic of",1347,1598,-251
2019,1Q,East Asia,of which,"Hong Kong, SAR",5011,2820,2190
2019,1Q,East Asia,of which,Japan,11798,3330,8467
2019,1Q,East Asia,of which,"Korea, Republic of",554,318,236
2019,1Q,East Asia,of which,Taiwan,326,167,160
2019,1Q,East Asia,Total East Asia,Total Country,19050,8244,10805
2019,1Q,Europe,of which,Denmark,12,31,-19
2019,1Q,Europe,of which,France,80,100,-20
2019,1Q,Europe,of which,Germany,1243,1184,59
2019,1Q,Europe,of which,Luxembourg,103,64,39
2019,1Q,Europe,of which,Netherlands,5391,4330,1061
2019,1Q,Europe,of which,Switzerland,1418,755,663
2019,1Q,Europe,of which,United Kingdom,1499,884,614
2019,1Q,Europe,Total Europe,Total Country,14172,8442,5730
2019,1Q,Latin America,of which,Bermuda,497,90,407
2019,1Q,Latin America,of which,Cayman Islands,65,1086,-1021
2019,1Q,Latin America,of which,Virgin Islands (British),281,176,105
2019,1Q,Latin America,Total Latin America,Total Country,1556,2164,-609
2019,1Q,North America,of which,United States,4041,1926,2115
2019,1Q,North America,Total North America,Total Country,4226,2151,2075
2019,1Q,Oceania,of which,Australia,227,164,64
2019,1Q,Oceania,Total Oceania,Total Country,378,218,159
2019,1Q,Other Block of Countries,Total Other Block of Countries,Total Country,1317,2140,-823
2019,1Q,Southeast Asia,of which,Singapore,10865,8961,1905
2019,1Q,Southeast Asia,of which,Thailand,556,681,-125
2019,1Q,Southeast Asia,Total Southeast Asia,Total Country,12156,10029,2128
2019,2Q,East Asia,of which,"China, People's Republic of",1338,1186,152
2019,2Q,East Asia,of which,"Hong Kong, SAR",6665,1511,5153
2019,2Q,East Asia,of which,Japan,2669,2401,268
2019,2Q,East Asia,of which,"Korea, Republic of",367,377,-10
2019,2Q,East Asia,of which,Taiwan,95,206,-111
2019,2Q,East Asia,Total East Asia,Total Country,11174,5706,5468
2019,2Q,Europe,of which,Denmark,111,34,77
2019,2Q,Europe,of which,France,221,204,17
2019,2Q,Europe,of which,Germany,887,950,-63
2019,2Q,Europe,of which,Luxembourg,116,137,-21
2019,2Q,Europe,of which,Netherlands,3843,4087,-244
2019,2Q,Europe,of which,Switzerland,716,455,261
2019,2Q,Europe,of which,United Kingdom,828,2440,-1612
2019,2Q,Europe,Total Europe,Total Country,9022,9459,-437
2019,2Q,Latin America,of which,Bermuda,-1078,94,-1172
2019,2Q,Latin America,of which,Cayman Islands,339,767,-427
2019,2Q,Latin America,of which,Virgin Islands (British),358,216,143
2019,2Q,Latin America,Total Latin America,Total Country,528,1608,-1080
2019,2Q,North America,of which,United States,3913,1927,1986
2019,2Q,North America,Total North America,Total Country,4021,2075,1945
2019,2Q,Oceania,of which,Australia,340,235,105
2019,2Q,Oceania,Total Oceania,Total Country,448,346,102
2019,2Q,Other Block of Countries,Total Other Block of Countries,Total Country,725,896,-171
2019,2Q,Southeast Asia,of which,Singapore,3171,5767,-2595
2019,2Q,Southeast Asia,of which,Thailand,811,675,136
2019,2Q,Southeast Asia,Total Southeast Asia,Total Country,4801,6777,-1976
2019,3Q,East Asia,of which,"China, People's Republic of",1584,1025,558
2019,3Q,East Asia,of which,"Hong Kong, SAR",1682,1906,-224
2019,3Q,East Asia,of which,Japan,3530,2672,858
2019,3Q,East Asia,of which,"Korea, Republic of",870,189,681
2019,3Q,East Asia,of which,Taiwan,495,280,215
2019,3Q,East Asia,Total East Asia,Total Country,8195,6095,2100
2019,3Q,Europe,of which,Denmark,73,46,27
2019,3Q,Europe,of which,France,291,97,194
2019,3Q,Europe,of which,Germany,444,1454,-1010
2019,3Q,Europe,of which,Luxembourg,158,599,-441
2019,3Q,Europe,of which,Netherlands,7374,5159,2215
2019,3Q,Europe,of which,Switzerland,-247,564,-812
2019,3Q,Europe,of which,United Kingdom,858,2352,-1494
2019,3Q,Europe,Total Europe,Total Country,10388,12783,-2395
2019,3Q,Latin America,of which,Bermuda,-237,260,-497
2019,3Q,Latin America,of which,Cayman Islands,1399,303,1096
2019,3Q,Latin America,of which,Virgin Islands (British),204,79,126
2019,3Q,Latin America,Total Latin America,Total Country,1903,735,1168
2019,3Q,North America,of which,United States,-1043,1595,-2639
2019,3Q,North America,Total North America,Total Country,-919,1658,-2577
2019,3Q,Oceania,of which,Australia,331,256,75
2019,3Q,Oceania,Total Oceania,Total Country,459,334,125
2019,3Q,Other Block of Countries,Total Other Block of Countries,Total Country,1350,735,615
2019,3Q,Southeast Asia,of which,Singapore,7212,4171,3041
2019,3Q,Southeast Asia,of which,Thailand,597,709,-112
2019,3Q,Southeast Asia,Total Southeast Asia,Total Country,8812,5151,3662
2019,4Q,East Asia,of which,"China, People's Republic of",1284,1250,34
2019,4Q,East Asia,of which,"Hong Kong, SAR",4300,2832,1468
2019,4Q,East Asia,of which,Japan,4186,3248,938
2019,4Q,East Asia,of which,"Korea, Republic of",499,480,19
2019,4Q,East Asia,of which,Taiwan,240,181,59
2019,4Q,East Asia,Total East Asia,Total Country,10569,8023,2546
2019,4Q,Europe,of which,Denmark,150,21,130
2019,4Q,Europe,of which,France,423,255,168
2019,4Q,Europe,of which,Germany,1117,804,313
2019,4Q,Europe,of which,Luxembourg,-105,212,-318
2019,4Q,Europe,of which,Netherlands,6078,5721,357
2019,4Q,Europe,of which,Switzerland,927,995,-68
2019,4Q,Europe,of which,United Kingdom,1420,2755,-1335
2019,4Q,Europe,Total Europe,Total Country,11701,12561,-861
2019,4Q,Latin America,of which,Bermuda,500,272,228
2019,4Q,Latin America,of which,Cayman Islands,-531,438,-969
2019,4Q,Latin America,of which,Virgin Islands (British),470,178,293
2019,4Q,Latin America,Total Latin America,Total Country,2925,1839,1086
2019,4Q,North America,of which,United States,3337,2244,1093
2019,4Q,North America,Total North America,Total Country,3438,2516,922
2019,4Q,Oceania,of which,Australia,313,369,-56
2019,4Q,Oceania,Total Oceania,Total Country,412,433,-20
2019,4Q,Other Block of Countries,Total Other Block of Countries,Total Country,1605,986,619
2019,4Q,Southeast Asia,of which,Singapore,6908,5723,1185
2019,4Q,Southeast Asia,of which,Thailand,409,407,2
2019,4Q,Southeast Asia,Total Southeast Asia,Total Country,8729,6669,2060
2020,1Q,East Asia,of which,"China, People's Republic of",1389,1342,47
2020,1Q,East Asia,of which,"Hong Kong, SAR",1502,1924,-422
2020,1Q,East Asia,of which,Japan,3047,1793,1254
2020,1Q,East Asia,of which,"Korea, Republic of",383,274,110
2020,1Q,East Asia,of which,Taiwan,352,158,194
2020,1Q,East Asia,Total East Asia,Total Country,6678,5527,1151
2020,1Q,Europe,of which,Denmark,-4,26,-30
2020,1Q,Europe,of which,France,236,300,-64
2020,1Q,Europe,of which,Germany,2562,2341,222
2020,1Q,Europe,of which,Luxembourg,112,260,-148
2020,1Q,Europe,of which,Netherlands,6110,5994,116
2020,1Q,Europe,of which,Switzerland,540,627,-87
2020,1Q,Europe,of which,United Kingdom,1096,775,320
2020,1Q,Europe,Total Europe,Total Country,12621,12231,390
2020,1Q,Latin America,of which,Bermuda,701,198,504
2020,1Q,Latin America,of which,Cayman Islands,41,940,-899
2020,1Q,Latin America,of which,Virgin Islands (British),554,85,469
2020,1Q,Latin America,Total Latin America,Total Country,1514,1479,34
2020,1Q,North America,of which,United States,3677,2141,1536
2020,1Q,North America,Total North America,Total Country,3794,2201,1593
2020,1Q,Oceania,of which,Australia,316,269,47
2020,1Q,Oceania,Total Oceania,Total Country,526,403,123
2020,1Q,Other Block of Countries,Total Other Block of Countries,Total Country,1564,1197,367
2020,1Q,Southeast Asia,of which,Singapore,6648,4940,1708
2020,1Q,Southeast Asia,of which,Thailand,518,269,249
2020,1Q,Southeast Asia,Total Southeast Asia,Total Country,7650,5613,2037
2020,2Q,East Asia,of which,"China, People's Republic of",1542,1296,246
2020,2Q,East Asia,of which,"Hong Kong, SAR",1794,2070,-276
2020,2Q,East Asia,of which,Japan,3558,3719,-161
2020,2Q,East Asia,of which,"Korea, Republic of",282,626,-344
2020,2Q,East Asia,of which,Taiwan,184,281,-98
2020,2Q,East Asia,Total East Asia,Total Country,7381,8032,-651
2020,2Q,Europe,of which,Denmark,-56,33,-89
2020,2Q,Europe,of which,France,144,231,-86
2020,2Q,Europe,of which,Germany,403,1067,-664
2020,2Q,Europe,of which,Luxembourg,54,277,-224
2020,2Q,Europe,of which,Netherlands,7054,4488,2566
2020,2Q,Europe,of which,Switzerland,1009,358,651
2020,2Q,Europe,of which,United Kingdom,1438,792,646
2020,2Q,Europe,Total Europe,Total Country,11050,8444,2606
2020,2Q,Latin America,of which,Bermuda,455,148,307
2020,2Q,Latin America,of which,Cayman Islands,-63,592,-656
2020,2Q,Latin America,of which,Virgin Islands (British),1333,270,1064
2020,2Q,Latin America,Total Latin America,Total Country,1937,1123,814
2020,2Q,North America,of which,United States,990,3139,-2148
2020,2Q,North America,Total North America,Total Country,1073,3181,-2108
2020,2Q,Oceania,of which,Australia,235,189,46
2020,2Q,Oceania,Total Oceania,Total Country,496,277,218
2020,2Q,Other Block of Countries,Total Other Block of Countries,Total Country,1419,1186,233
2020,2Q,Southeast Asia,of which,Singapore,5873,4966,907
2020,2Q,Southeast Asia,of which,Thailand,468,260,208
2020,2Q,Southeast Asia,Total Southeast Asia,Total Country,7009,5766,1243
2020,3Q,East Asia,of which,"China, People's Republic of",2551,1079,1472
2020,3Q,East Asia,of which,"Hong Kong, SAR",2818,2393,425
2020,3Q,East Asia,of which,Japan,2288,3209,-920
2020,3Q,East Asia,of which,"Korea, Republic of",379,228,152
2020,3Q,East Asia,of which,Taiwan,462,160,303
2020,3Q,East Asia,Total East Asia,Total Country,8528,7082,1446
2020,3Q,Europe,of which,Denmark,-9,48,-56
2020,3Q,Europe,of which,France,243,282,-39
2020,3Q,Europe,of which,Germany,600,1391,-791
2020,3Q,Europe,of which,Luxembourg,537,163,374
2020,3Q,Europe,of which,Netherlands,6527,8701,-2174
2020,3Q,Europe,of which,Switzerland,951,846,105
2020,3Q,Europe,of which,United Kingdom,709,2261,-1552
2020,3Q,Europe,Total Europe,Total Country,10421,14801,-4380
2020,3Q,Latin America,of which,Bermuda,358,231,127
2020,3Q,Latin America,of which,Cayman Islands,135,1042,-907
2020,3Q,Latin America,of which,Virgin Islands (British),-6,49,-55
2020,3Q,Latin America,Total Latin America,Total Country,678,1803,-1125
2020,3Q,North America,of which,United States,3593,2359,1234
2020,3Q,North America,Total North America,Total Country,3933,2688,1246
2020,3Q,Oceania,of which,Australia,490,304,186
2020,3Q,Oceania,Total Oceania,Total Country,587,594,-6
2020,3Q,Other Block of Countries,Total Other Block of Countries,Total Country,1606,1510,96
2020,3Q,Southeast Asia,of which,Singapore,8281,7553,728
2020,3Q,Southeast Asia,of which,Thailand,365,237,128
2020,3Q,Southeast Asia,Total Southeast Asia,Total Country,9968,8081,1887
2020,4Q,East Asia,of which,"China, People's Republic of",2360,1604,756
2020,4Q,East Asia,of which,"Hong Kong, SAR",3803,2352,1451
2020,4Q,East Asia,of which,Japan,4504,2403,2101
2020,4Q,East Asia,of which,"Korea, Republic of",479,265,214
2020,4Q,East Asia,of which,Taiwan,470,350,120
2020,4Q,East Asia,Total East Asia,Total Country,11658,7029,4629
2020,4Q,Europe,of which,Denmark,127,33,95
2020,4Q,Europe,of which,France,107,354,-248
2020,4Q,Europe,of which,Germany,1643,1486,157
2020,4Q,Europe,of which,Luxembourg,424,133,291
2020,4Q,Europe,of which,Netherlands,5470,6457,-988
2020,4Q,Europe,of which,Switzerland,-926,715,-1640
2020,4Q,Europe,of which,United Kingdom,656,3239,-2583
2020,4Q,Europe,Total Europe,Total Country,9606,14090,-4484
2020,4Q,Latin America,of which,Bermuda,-716,246,-962
2020,4Q,Latin America,of which,Cayman Islands,192,292,-100
2020,4Q,Latin America,of which,Virgin Islands (British),604,139,465
2020,4Q,Latin America,Total Latin America,Total Country,-642,767,-1409
2020,4Q,North America,of which,United States,4755,4102,653
2020,4Q,North America,Total North America,Total Country,5020,4204,816
2020,4Q,Oceania,of which,Australia,223,124,99
2020,4Q,Oceania,Total Oceania,Total Country,759,259,500
2020,4Q,Other Block of Countries,Total Other Block of Countries,Total Country,1955,1179,776
2020,4Q,Southeast Asia,of which,Singapore,8093,5905,2187
2020,4Q,Southeast Asia,of which,Thailand,3017,412,2605
2020,4Q,Southeast Asia,Total Southeast Asia,Total Country,12152,6913,5239
2021,1Q,East Asia,of which,"China, People's Republic of",1692,1208,484
2021,1Q,East Asia,of which,"Hong Kong, SAR",2689,1850,840
2021,1Q,East Asia,of which,Japan,3633,3220,413
2021,1Q,East Asia,of which,"Korea, Republic of",318,110,208
2021,1Q,East Asia,of which,Taiwan,162,149,13
2021,1Q,East Asia,Total East Asia,Total Country,8500,6566,1934
2021,1Q,Europe,of which,Denmark,-23,37,-60
2021,1Q,Europe,of which,France,102,210,-108
2021,1Q,Europe,of which,Germany,1110,1180,-71
2021,1Q,Europe,of which,Luxembourg,78,104,-26
2021,1Q,Europe,of which,Netherlands,5536,4487,1048
2021,1Q,Europe,of which,Switzerland,1260,475,785
2021,1Q,Europe,of which,United Kingdom,2763,907,1855
2021,1Q,Europe,Total Europe,Total Country,11945,8328,3617
2021,1Q,Latin America,of which,Bermuda,-1561,425,-1986
2021,1Q,Latin America,of which,Cayman Islands,543,655,-112
2021,1Q,Latin America,of which,Virgin Islands (British),261,43,218
2021,1Q,Latin America,Total Latin America,Total Country,-760,1297,-2058
2021,1Q,North America,of which,United States,4222,3500,722
2021,1Q,North America,Total North America,Total Country,4392,3652,740
2021,1Q,Oceania,of which,Australia,438,237,201
2021,1Q,Oceania,Total Oceania,Total Country,492,397,95
2021,1Q,Other Block of Countries,Total Other Block of Countries,Total Country,1630,1392,239
2021,1Q,Southeast Asia,of which,Singapore,9061,6176,2885
2021,1Q,Southeast Asia,of which,Thailand,502,272,230
2021,1Q,Southeast Asia,Total Southeast Asia,Total Country,10701,6779,3922
2021,2Q,East Asia,of which,"China, People's Republic of",2202,1861,341
2021,2Q,East Asia,of which,"Hong Kong, SAR",3272,4797,-1525
2021,2Q,East Asia,of which,Japan,6579,4389,2189
2021,2Q,East Asia,of which,"Korea, Republic of",1202,539,663
2021,2Q,East Asia,of which,Taiwan,435,242,193
2021,2Q,East Asia,Total East Asia,Total Country,13698,11830,1868
2021,2Q,Europe,of which,Denmark,12,82,-71
2021,2Q,Europe,of which,France,91,238,-147
2021,2Q,Europe,of which,Germany,751,901,-150
2021,2Q,Europe,of which,Luxembourg,302,288,14
2021,2Q,Europe,of which,Netherlands,6934,8449,-1516
2021,2Q,Europe,of which,Switzerland,3343,568,2775
2021,2Q,Europe,of which,United Kingdom,2148,1054,1094
2021,2Q,Europe,Total Europe,Total Country,14840,12405,2435
2021,2Q,Latin America,of which,Bermuda,929,273,657
2021,2Q,Latin America,of which,Cayman Islands,596,711,-115
2021,2Q,Latin America,of which,Virgin Islands (British),2961,248,2713
2021,2Q,Latin America,Total Latin America,Total Country,4711,1370,3341
2021,2Q,North America,of which,United States,3524,1796,1728
2021,2Q,North America,Total North America,Total Country,3663,1867,1796
2021,2Q,Oceania,of which,Australia,407,355,53
2021,2Q,Oceania,Total Oceania,Total Country,548,497,51
2021,2Q,Other Block of Countries,Total Other Block of Countries,Total Country,1318,1124,194
2021,2Q,Southeast Asia,of which,Singapore,7330,6879,451
2021,2Q,Southeast Asia,of which,Thailand,393,350,43
2021,2Q,Southeast Asia,Total Southeast Asia,Total Country,9669,7645,2023
2021,3Q,East Asia,of which,"China, People's Republic of",1960,1425,535
2021,3Q,East Asia,of which,"Hong Kong, SAR",3228,2737,492
2021,3Q,East Asia,of which,Japan,2643,2959,-316
2021,3Q,East Asia,of which,"Korea, Republic of",1542,966,576
2021,3Q,East Asia,of which,Taiwan,430,159,272
2021,3Q,East Asia,Total East Asia,Total Country,9808,8249,1559
2021,3Q,Europe,of which,Denmark,168,46,122
2021,3Q,Europe,of which,France,176,219,-43
2021,3Q,Europe,of which,Germany,1797,1932,-135
2021,3Q,Europe,of which,Luxembourg,335,198,137
2021,3Q,Europe,of which,Netherlands,10330,8490,1840
2021,3Q,Europe,of which,Switzerland,3396,6807,-3411
2021,3Q,Europe,of which,United Kingdom,1665,485,1181
2021,3Q,Europe,Total Europe,Total Country,20360,19626,734
2021,3Q,Latin America,of which,Bermuda,1220,305,915
2021,3Q,Latin America,of which,Cayman Islands,570,791,-220
2021,3Q,Latin America,of which,Virgin Islands (British),1001,1573,-573
2021,3Q,Latin America,Total Latin America,Total Country,2941,2761,180
2021,3Q,North America,of which,United States,4871,3799,1072
2021,3Q,North America,Total North America,Total Country,4958,3840,1118
2021,3Q,Oceania,of which,Australia,687,174,513
2021,3Q,Oceania,Total Oceania,Total Country,899,278,621
2021,3Q,Other Block of Countries,Total Other Block of Countries,Total Country,2053,1247,806
2021,3Q,Southeast Asia,of which,Singapore,10609,7408,3200
2021,3Q,Southeast Asia,of which,Thailand,409,154,255
2021,3Q,Southeast Asia,Total Southeast Asia,Total Country,12679,8206,4473
2021,4Q,East Asia,of which,"China, People's Republic of",2030,1571,459
2021,4Q,East Asia,of which,"Hong Kong, SAR",4054,1768,2285
2021,4Q,East Asia,of which,Japan,4538,2694,1844
2021,4Q,East Asia,of which,"Korea, Republic of",3357,902,2455
2021,4Q,East Asia,of which,Taiwan,805,544,261
2021,4Q,East Asia,Total East Asia,Total Country,14784,7480,7303
2021,4Q,Europe,of which,Denmark,219,14,205
2021,4Q,Europe,of which,France,217,293,-76
2021,4Q,Europe,of which,Germany,385,1475,-1089
2021,4Q,Europe,of which,Luxembourg,264,315,-51
2021,4Q,Europe,of which,Netherlands,12443,9261,3182
2021,4Q,Europe,of which,Switzerland,236,5886,-5650
2021,4Q,Europe,of which,United Kingdom,3813,3203,610
2021,4Q,Europe,Total Europe,Total Country,20694,21594,-900
2021,4Q,Latin America,of which,Bermuda,1051,62,989
2021,4Q,Latin America,of which,Cayman Islands,1090,2927,-1837
2021,4Q,Latin America,of which,Virgin Islands (British),2705,1035,1670
2021,4Q,Latin America,Total Latin America,Total Country,5313,4186,1127
2021,4Q,North America,of which,United States,16876,4739,12136
2021,4Q,North America,Total North America,Total Country,16954,4778,12176
2021,4Q,Oceania,of which,Australia,449,313,136
2021,4Q,Oceania,Total Oceania,Total Country,617,524,93
2021,4Q,Other Block of Countries,Total Other Block of Countries,Total Country,2521,2338,183
2021,4Q,Southeast Asia,of which,Singapore,9538,7067,2471
2021,4Q,Southeast Asia,of which,Thailand,371,2771,-2400
2021,4Q,Southeast Asia,Total Southeast Asia,Total Country,10749,12275,-1526
2022,1Q,East Asia,of which,"China, People's Republic of",1699,1301,398
2022,1Q,East Asia,of which,"Hong Kong, SAR",3947,1619,2328
2022,1Q,East Asia,of which,Japan,5504,3184,2320
2022,1Q,East Asia,of which,"Korea, Republic of",1869,1344,525
2022,1Q,East Asia,of which,Taiwan,580,300,280
2022,1Q,East Asia,Total East Asia,Total Country,13603,7749,5853
2022,1Q,Europe,of which,Denmark,80,25,55
2022,1Q,Europe,of which,France,250,281,-31
2022,1Q,Europe,of which,Germany,2493,1983,510
2022,1Q,Europe,of which,Luxembourg,361,275,85
2022,1Q,Europe,of which,Netherlands,10928,13850,-2922
2022,1Q,Europe,of which,Switzerland,12409,3258,9151
2022,1Q,Europe,of which,United Kingdom,3918,2090,1828
2022,1Q,Europe,Total Europe,Total Country,34158,23216,10942
2022,1Q,Latin America,of which,Bermuda,-1686,29,-1715
2022,1Q,Latin America,of which,Cayman Islands,1628,725,903
2022,1Q,Latin America,of which,Virgin Islands (British),562,638,-76
2022,1Q,Latin America,Total Latin America,Total Country,1084,1474,-390
2022,1Q,North America,of which,United States,14056,8034,6022
2022,1Q,North America,Total North America,Total Country,13541,8175,5366
2022,1Q,Oceania,of which,Australia,677,131,545
2022,1Q,Oceania,Total Oceania,Total Country,939,237,701
2022,1Q,Other Block of Countries,Total Other Block of Countries,Total Country,2171,1562,609
2022,1Q,Southeast Asia,of which,Singapore,8967,7974,993
2022,1Q,Southeast Asia,of which,Thailand,634,349,285
2022,1Q,Southeast Asia,Total Southeast Asia,Total Country,10620,9326,1294
2022,2Q,East Asia,of which,"China, People's Republic of",2318,1418,901
2022,2Q,East Asia,of which,"Hong Kong, SAR",3693,2203,1490
2022,2Q,East Asia,of which,Japan,4674,3677,998
2022,2Q,East Asia,of which,"Korea, Republic of",1297,1617,-320
2022,2Q,East Asia,of which,Taiwan,488,460,28
2022,2Q,East Asia,Total East Asia,Total Country,12474,9380,3094
2022,2Q,Europe,of which,Denmark,-138,93,-231
2022,2Q,Europe,of which,France,304,392,-89
2022,2Q,Europe,of which,Germany,3133,1706,1428
2022,2Q,Europe,of which,Luxembourg,360,273,87
2022,2Q,Europe,of which,Netherlands,11609,10125,1484
2022,2Q,Europe,of which,Switzerland,1388,3098,-1710
2022,2Q,Europe,of which,United Kingdom,2624,2583,41
2022,2Q,Europe,Total Europe,Total Country,20496,19616,879
2022,2Q,Latin America,of which,Bermuda,1963,253,1710
2022,2Q,Latin America,of which,Cayman Islands,719,935,-216
2022,2Q,Latin America,of which,Virgin Islands (British),489,193,297
2022,2Q,Latin America,Total Latin America,Total Country,3169,1484,1685
2022,2Q,North America,of which,United States,9988,4144,5844
2022,2Q,North America,Total North America,Total Country,10022,4316,5706
2022,2Q,Oceania,of which,Australia,581,357,223
2022,2Q,Oceania,Total Oceania,Total Country,714,458,256
2022,2Q,Other Block of Countries,Total Other Block of Countries,Total Country,2111,1536,575
2022,2Q,Southeast Asia,of which,Singapore,10981,7471,3509
2022,2Q,Southeast Asia,of which,Thailand,560,219,341
2022,2Q,Southeast Asia,Total Southeast Asia,Total Country,13368,8258,5110
2022,3Q,East Asia,of which,"China, People's Republic of",2449,1684,765
2022,3Q,East Asia,of which,"Hong Kong, SAR",2989,1644,1345
2022,3Q,East Asia,of which,Japan,6410,3416,2994
2022,3Q,East Asia,of which,"Korea, Republic of",1541,1174,367
2022,3Q,East Asia,of which,Taiwan,397,229,168
2022,3Q,East Asia,Total East Asia,Total Country,13788,8148,5640
2022,3Q,Europe,of which,Denmark,192,187,5
2022,3Q,Europe,of which,France,238,386,-147
2022,3Q,Europe,of which,Germany,1819,1341,478
2022,3Q,Europe,of which,Luxembourg,351,278,73
2022,3Q,Europe,of which,Netherlands,12132,10055,2077
2022,3Q,Europe,of which,Switzerland,386,6217,-5831
2022,3Q,Europe,of which,United Kingdom,2582,4507,-1925
2022,3Q,Europe,Total Europe,Total Country,20720,24961,-4241
2022,3Q,Latin America,of which,Bermuda,648,48,600
2022,3Q,Latin America,of which,Cayman Islands,2233,793,1440
2022,3Q,Latin America,of which,Virgin Islands (British),811,209,602
2022,3Q,Latin America,Total Latin America,Total Country,3648,1147,2501
2022,3Q,North America,of which,United States,9169,3414,5755
2022,3Q,North America,Total North America,Total Country,9267,3505,5762
2022,3Q,Oceania,of which,Australia,767,1569,-802
2022,3Q,Oceania,Total Oceania,Total Country,914,1702,-788
2022,3Q,Other Block of Countries,Total Other Block of Countries,Total Country,2223,2240,-17
2022,3Q,Southeast Asia,of which,Singapore,10867,8929,1938
2022,3Q,Southeast Asia,of which,Thailand,552,288,264
2022,3Q,Southeast Asia,Total Southeast Asia,Total Country,13118,9667,3451
